TEAM_ID,TEAM_NAME,GP,W,L,W_PCT,MIN,E_OFF_RATING,OFF_RATING,E_DEF_RATING,DEF_RATING,E_NET_RATING,NET_RATING,AST_PCT,AST_TO,AST_RATIO,OREB_PCT,DREB_PCT,REB_PCT,TM_TOV_PCT,EFG_PCT,TS_PCT,E_PACE,PACE,PACE_PER40,POSS,PIE,GP_RANK,W_RANK,L_RANK,W_PCT_RANK,MIN_RANK,OFF_RATING_RANK,DEF_RATING_RANK,NET_RATING_RANK,AST_PCT_RANK,AST_TO_RANK,AST_RATIO_RANK,OREB_PCT_RANK,DREB_PCT_RANK,REB_PCT_RANK,TM_TOV_PCT_RANK,EFG_PCT_RANK,TS_PCT_RANK,PACE_RANK,PIE_RANK,SEASON
1610612737,Atlanta Hawks,82,38,44,0.463,3966,103.4,104.9,104.1,105.7,-0.7,-0.7,0.667,1.63,18.8,0.256,0.711,0.485,0.159,0.515,0.554,96.9,95.41,79.51,7892,0.502,1,18,18,18,15,19,15,17,1,7,2,28,13,26,21,9,9,13,17,2013-14
1610612738,Boston Celtics,82,25,57,0.305,3946,99.7,101.9,105.2,106.5,-5.5,-4.6,0.576,1.37,16.2,0.314,0.708,0.505,0.163,0.477,0.517,95.9,94.28,78.57,7745,0.461,1,26,26,26,29,26,17,25,18,25,22,7,16,14,28,28,28,16,26,2013-14
1610612751,Brooklyn Nets,82,44,38,0.537,3976,104.4,105.4,104.9,106.7,-0.6,-1.3,0.585,1.44,16.7,0.26,0.686,0.475,0.155,0.514,0.555,93.7,92.42,77.02,7663,0.492,1,14,14,14,7,15,19,19,14,18,14,27,26,29,16,10,8,25,18,2013-14
1610612766,Charlotte Bobcats,82,43,39,0.524,3981,101.2,103,101.2,103.3,0.1,-0.4,0.597,1.76,16.9,0.269,0.73,0.5,0.131,0.481,0.522,94.7,92.93,77.44,7712,0.508,1,16,16,16,6,24,6,16,8,2,13,24,1,17,1,25,24,22,15,2013-14
1610612741,Chicago Bulls,82,48,34,0.585,3986,99.7,101.7,97.8,99.9,1.9,1.9,0.654,1.52,17.6,0.321,0.713,0.518,0.162,0.471,0.518,92.7,90.84,75.7,7549,0.528,1,11,11,11,4,28,2,13,2,15,8,3,12,3,27,30,27,29,7,2013-14
1610612739,Cleveland Cavaliers,82,33,49,0.402,3986,101.3,103.5,104.8,107,-3.5,-3.6,0.572,1.49,16.2,0.314,0.711,0.508,0.149,0.479,0.518,95.7,93.69,78.08,7784,0.469,1,22,22,22,4,22,20,23,20,17,21,8,14,11,8,27,26,19,23,2013-14
1610612742,Dallas Mavericks,82,49,33,0.598,3966,109,109.5,105.9,107.2,3,2.3,0.596,1.74,18,0.276,0.694,0.487,0.141,0.526,0.564,95.7,94.94,79.12,7852,0.521,1,10,10,10,15,6,21,12,10,4,6,23,22,25,4,4,6,15,10,2013-14
1610612743,Denver Nuggets,82,36,46,0.439,3951,103.3,105.1,105.4,107.3,-2.1,-2.2,0.584,1.41,16.4,0.31,0.703,0.505,0.16,0.497,0.536,100.7,98.95,82.46,8146,0.481,1,20,20,20,28,18,22,20,15,23,18,11,18,13,24,16,17,3,21,2013-14
1610612765,Detroit Pistons,82,29,53,0.354,3956,102.9,105.2,107.3,109,-4.4,-3.7,0.539,1.44,15.6,0.347,0.693,0.511,0.152,0.482,0.514,97.4,95.57,79.64,7874,0.464,1,23,23,23,22,16,25,24,28,19,28,1,24,8,12,24,29,12,25,2013-14
1610612744,Golden State Warriors,82,51,31,0.622,3966,105.3,106.3,99.9,101.4,5.4,4.9,0.591,1.53,17.4,0.284,0.724,0.508,0.155,0.517,0.55,98.5,97.37,81.14,8045,0.528,1,8,8,8,15,12,3,5,12,13,9,22,4,9,15,8,10,5,8,2013-14
1610612745,Houston Rockets,82,54,28,0.659,3966,108.6,109.8,103.1,105.2,5.5,4.6,0.563,1.33,16.1,0.306,0.7,0.513,0.165,0.531,0.571,98.8,97.27,81.06,8040,0.534,1,5,5,5,15,4,13,7,23,27,23,12,20,7,29,3,2,6,6,2013-14
1610612754,Indiana Pacers,82,56,26,0.683,3956,101.5,103.6,96.7,98.9,4.8,4.7,0.56,1.33,15.9,0.296,0.721,0.517,0.162,0.49,0.535,94.9,92.89,77.41,7656,0.545,1,4,4,4,22,21,1,6,26,26,27,16,6,5,26,19,19,23,3,2013-14
1610612746,Los Angeles Clippers,82,57,25,0.695,3951,109.4,111.3,102.1,104,7.3,7.3,0.628,1.77,18.3,0.288,0.69,0.496,0.143,0.526,0.567,98.4,96.66,80.55,7954,0.548,1,3,3,3,25,1,9,2,4,1,3,20,25,21,6,5,4,8,2,2013-14
1610612747,Los Angeles Lakers,82,27,55,0.329,3941,101.9,103.2,107.9,109.3,-6,-6,0.639,1.62,18.1,0.235,0.676,0.459,0.152,0.505,0.542,101,99.72,83.1,8177,0.46,1,25,25,25,30,23,28,27,3,8,4,30,30,30,13,13,13,2,27,2013-14
1610612763,Memphis Grizzlies,82,50,32,0.61,3961,103.3,105.5,102.1,103.8,1.2,1.7,0.574,1.59,17.1,0.326,0.718,0.521,0.15,0.494,0.529,92.2,90.58,75.48,7476,0.518,1,9,9,9,20,14,8,14,19,9,12,2,8,1,10,18,21,30,12,2013-14
1610612748,Miami Heat,82,54,28,0.659,3976,109,110,102.9,105,6.1,5.1,0.588,1.52,18.1,0.244,0.686,0.476,0.159,0.554,0.59,93.3,91.9,76.58,7615,0.539,1,5,5,5,7,3,11,4,13,14,5,29,27,28,22,1,1,27,5,2013-14
1610612749,Milwaukee Bucks,82,15,67,0.183,3976,100.2,101.9,108.9,110.2,-8.7,-8.3,0.596,1.42,16.5,0.31,0.678,0.49,0.161,0.479,0.519,94.3,92.96,77.47,7685,0.449,1,30,30,30,7,27,30,29,9,21,16,10,29,23,25,26,25,21,29,2013-14
1610612750,Minnesota Timberwolves,82,40,42,0.488,3971,105.6,107.7,104.1,105.2,1.4,2.6,0.616,1.72,17.3,0.317,0.715,0.508,0.14,0.486,0.535,99.8,98.33,81.94,8139,0.519,1,17,17,17,10,10,12,11,6,5,10,5,9,10,2,21,18,4,11,2013-14
1610612740,New Orleans Pelicans,82,34,48,0.415,3971,104.7,106.2,107.3,109.1,-2.6,-3,0.563,1.55,16.5,0.305,0.694,0.497,0.147,0.495,0.537,94.5,93.07,77.56,7703,0.483,1,21,21,21,10,13,27,22,24,11,17,13,23,20,7,17,16,20,20,2013-14
1610612752,New York Knicks,82,37,45,0.451,3971,105.4,107,106.5,108.1,-1,-1.1,0.542,1.54,16,0.291,0.705,0.492,0.141,0.505,0.541,92.6,91.24,76.04,7556,0.49,1,19,19,19,10,11,24,18,27,12,25,18,17,22,3,12,14,28,19,2013-14
1610612760,Oklahoma City Thunder,82,59,23,0.72,3961,108.1,109.4,101,103,7.1,6.4,0.562,1.43,16.6,0.294,0.722,0.518,0.158,0.52,0.566,97.9,96.33,80.27,7954,0.543,1,2,2,2,20,7,5,3,25,20,15,17,5,4,20,6,5,9,4,2013-14
1610612753,Orlando Magic,82,23,59,0.28,3991,99.3,101,104.8,106.6,-5.5,-5.7,0.571,1.41,16.4,0.267,0.714,0.49,0.156,0.487,0.525,95.9,94.27,78.56,7837,0.466,1,28,28,28,2,29,18,26,21,22,20,25,10,24,17,20,22,17,24,2013-14
1610612755,Philadelphia 76ers,82,19,63,0.232,3971,96.8,99,107.5,109,-10.7,-10,0.576,1.29,16,0.29,0.684,0.479,0.168,0.475,0.51,101.6,99.74,83.11,8236,0.426,1,29,29,29,14,30,26,30,17,28,26,19,28,27,30,29,30,1,30,2013-14
1610612756,Phoenix Suns,82,48,34,0.585,3951,107.1,108.2,103.8,105.6,3.3,2.6,0.493,1.24,14.7,0.298,0.699,0.5,0.158,0.519,0.558,98.2,96.83,80.69,7973,0.509,1,11,11,11,25,8,14,10,30,29,29,14,21,16,18,7,7,7,14,2013-14
1610612757,Portland Trail Blazers,82,54,28,0.659,3971,108.3,110.4,104.7,106.2,3.5,4.2,0.594,1.69,17.2,0.32,0.713,0.517,0.142,0.504,0.548,97.5,95.9,79.91,7930,0.524,1,5,5,5,10,2,16,8,11,6,11,4,11,6,5,14,11,10,9,2013-14
1610612758,Sacramento Kings,82,28,54,0.341,3966,102.9,105.1,106.3,107.8,-3.4,-2.7,0.511,1.24,14.6,0.316,0.725,0.518,0.159,0.484,0.532,96.7,95.04,79.2,7840,0.473,1,24,24,24,15,17,23,21,29,30,30,6,2,2,23,23,20,14,22,2013-14
1610612759,San Antonio Spurs,82,62,20,0.756,3951,108.2,109.5,100.1,101.4,8.1,8.1,0.621,1.75,19,0.261,0.725,0.503,0.15,0.537,0.571,97.1,95.87,79.89,7887,0.555,1,1,1,1,25,5,4,1,5,3,1,26,3,15,9,2,3,11,1,2013-14
1610612761,Toronto Raptors,82,48,34,0.585,3991,105.8,107.9,102.4,104.6,3.5,3.3,0.581,1.5,16.4,0.312,0.701,0.505,0.151,0.498,0.545,94.4,92.48,77.07,7696,0.512,1,11,11,11,2,9,10,9,16,16,19,9,19,12,11,15,12,24,13,2013-14
1610612762,Utah Jazz,82,25,57,0.305,3956,100.6,102.4,109.1,110.1,-8.4,-7.6,0.564,1.39,16.1,0.297,0.708,0.497,0.158,0.484,0.523,93.6,92.32,76.94,7605,0.451,1,26,26,26,22,25,29,28,22,24,24,15,15,19,19,22,23,26,28,2013-14
1610612764,Washington Wizards,82,44,38,0.537,4011,103.3,104.9,102.4,103.6,0.9,1.3,0.601,1.59,17.6,0.286,0.719,0.498,0.153,0.506,0.538,95.5,94.18,78.48,7872,0.504,1,14,14,14,1,20,7,15,7,10,7,21,7,18,14,11,15,18,16,2013-14
1610612737,Atlanta Hawks,82,60,22,0.732,3946,106.2,108.2,100.7,102.3,5.6,5.9,0.676,1.81,19.5,0.264,0.697,0.487,0.15,0.527,0.563,96.2,94.66,78.88,7775,0.54,1,2,2,2,26,6,5,4,1,3,2,30,22,27,17,3,3,15,3,2014-15
1610612738,Boston Celtics,82,40,42,0.488,3976,101.7,103.8,102.1,103.5,-0.4,0.3,0.629,1.77,18,0.289,0.71,0.495,0.142,0.489,0.523,98.4,96.71,80.59,8007,0.498,1,16,16,16,8,19,12,16,3,4,6,15,16,18,6,22,23,5,18,2014-15
1610612751,Brooklyn Nets,82,38,44,0.463,3986,101.9,103.4,105,106.3,-3.1,-3,0.559,1.51,16.3,0.278,0.701,0.491,0.146,0.491,0.529,95,93.69,78.07,7777,0.48,1,18,18,18,3,20,23,21,25,19,19,23,19,22,13,18,20,20,23,2014-15
1610612766,Charlotte Hornets,82,33,49,0.402,3981,97.6,99.6,101,103,-3.4,-3.4,0.568,1.69,15.8,0.27,0.746,0.502,0.126,0.456,0.498,95.3,93.45,77.87,7753,0.482,1,22,22,22,6,28,10,24,19,7,25,27,1,13,1,30,29,24,22,2014-15
1610612741,Chicago Bulls,82,50,32,0.61,3976,104.7,106.3,101.5,103.3,3.3,3,0.593,1.56,16.6,0.312,0.709,0.516,0.147,0.489,0.536,95.4,93.8,78.17,7775,0.529,1,9,9,9,8,11,11,11,11,15,14,5,17,4,15,21,14,19,6,2014-15
1610612739,Cleveland Cavaliers,82,53,29,0.646,3956,107.7,110.1,104.1,105.3,3.7,4.8,0.587,1.55,17.1,0.311,0.711,0.513,0.152,0.52,0.557,94.8,93.23,77.69,7682,0.514,1,7,7,7,23,4,18,5,13,16,9,6,15,6,19,4,4,25,10,2014-15
1610612742,Dallas Mavericks,82,50,32,0.61,3976,107.2,108.2,103.7,104.9,3.5,3.2,0.567,1.74,17,0.269,0.681,0.477,0.133,0.515,0.55,97.4,96.4,80.34,7976,0.521,1,9,9,9,8,5,17,9,20,6,10,28,30,30,3,6,7,8,9,2014-15
1610612743,Denver Nuggets,82,30,52,0.366,3976,101.6,103.9,105.5,107.1,-3.9,-3.3,0.577,1.53,16.2,0.303,0.7,0.494,0.146,0.479,0.518,98.7,96.87,80.72,8011,0.465,1,24,24,24,8,18,26,23,17,17,20,10,20,20,12,25,24,4,25,2014-15
1610612765,Detroit Pistons,82,32,50,0.39,3966,102.3,104.3,104.2,105.4,-1.8,-1.1,0.582,1.61,16.4,0.316,0.712,0.505,0.142,0.482,0.515,95.2,93.68,78.07,7741,0.478,1,23,23,23,18,15,20,19,15,10,17,3,14,11,8,24,26,21,24,2014-15
1610612744,Golden State Warriors,82,67,15,0.817,3946,109.7,110.4,98.2,100.4,11.4,9.9,0.659,1.9,19.7,0.273,0.703,0.498,0.145,0.54,0.571,100.7,99.28,82.74,8170,0.569,1,1,1,1,26,2,1,1,2,2,1,24,18,14,11,1,1,1,1,2014-15
1610612745,Houston Rockets,82,56,26,0.683,3961,104.2,106,100.5,102.6,3.7,3.4,0.6,1.33,16.5,0.305,0.686,0.496,0.17,0.512,0.548,99.3,97.36,81.14,8037,0.509,1,3,3,3,20,12,7,8,10,27,16,9,27,17,28,7,8,2,12,2014-15
1610612754,Indiana Pacers,82,38,44,0.463,3971,100.8,102.9,100.9,102.7,-0.1,0.2,0.586,1.53,16.6,0.286,0.735,0.511,0.148,0.484,0.523,95.5,93.67,78.06,7753,0.505,1,18,18,18,13,23,8,17,14,18,15,19,2,7,16,23,22,22,16,2014-15
1610612746,Los Angeles Clippers,82,56,26,0.683,3946,109.8,111.6,103,104.7,6.9,6.9,0.629,2.01,18.7,0.272,0.716,0.497,0.129,0.533,0.565,97,95.4,79.5,7844,0.54,1,3,3,3,26,1,16,2,4,1,3,26,9,15,2,2,2,11,4,2014-15
1610612747,Los Angeles Lakers,82,21,61,0.256,3986,100.8,102.3,108,109.4,-7.2,-7.1,0.562,1.58,15.9,0.29,0.72,0.497,0.138,0.473,0.513,96.3,95.03,79.19,7892,0.45,1,27,27,27,3,24,29,27,24,14,24,13,7,16,5,26,27,13,28,2014-15
1610612763,Memphis Grizzlies,82,55,27,0.671,3981,103.1,104.8,99.9,101.2,3.1,3.5,0.574,1.62,16.9,0.288,0.716,0.503,0.142,0.489,0.531,94.2,92.82,77.35,7696,0.53,1,5,5,5,6,13,2,7,18,9,11,18,10,12,9,20,18,26,5,2014-15
1610612748,Miami Heat,82,37,45,0.451,3946,101.5,103.2,103.8,106.1,-2.4,-3,0.564,1.34,16.1,0.284,0.687,0.489,0.161,0.5,0.54,93.3,91.49,76.24,7526,0.492,1,21,21,21,26,21,21,22,22,26,23,20,25,26,25,12,11,29,19,2014-15
1610612749,Milwaukee Bucks,82,41,41,0.5,3986,100.5,102,99.3,101.4,1.2,0.6,0.627,1.41,17.8,0.29,0.686,0.491,0.175,0.499,0.536,96.5,94.82,79.02,7867,0.511,1,15,15,15,3,25,4,15,6,22,7,14,26,21,29,13,15,14,11,2014-15
1610612750,Minnesota Timberwolves,82,16,66,0.195,3961,99.8,101.8,109.6,110.9,-9.8,-9.1,0.593,1.44,16.3,0.311,0.682,0.489,0.156,0.468,0.517,97,95.45,79.54,7873,0.453,1,30,30,30,20,26,30,29,12,21,18,7,29,24,21,28,25,10,27,2014-15
1610612740,New Orleans Pelicans,82,45,37,0.549,3956,105.4,107.1,104.7,106.3,0.7,0.8,0.581,1.66,17.1,0.309,0.712,0.511,0.143,0.501,0.537,93.7,92.29,76.91,7608,0.508,1,13,13,13,23,9,22,13,16,8,8,8,13,8,10,11,12,27,13,2014-15
1610612752,New York Knicks,82,17,65,0.207,3971,97.1,98.9,107.2,109,-10.1,-10.1,0.606,1.45,16.7,0.289,0.691,0.484,0.158,0.47,0.508,93.7,92.06,76.72,7618,0.441,1,29,29,29,13,29,28,30,9,20,13,16,23,28,24,27,28,28,29,2014-15
1610612760,Oklahoma City Thunder,82,45,37,0.549,3966,104.5,106.7,103.1,104.6,1.3,2.1,0.528,1.4,15.3,0.318,0.73,0.524,0.151,0.492,0.532,98.3,96.61,80.51,7988,0.505,1,13,13,13,18,10,15,12,29,23,30,2,4,2,18,17,17,6,17,2014-15
1610612753,Orlando Magic,82,25,57,0.305,3951,99.6,101,105.2,106.8,-5.6,-5.9,0.55,1.39,16.2,0.269,0.716,0.491,0.157,0.494,0.524,95.9,94.51,78.76,7773,0.455,1,26,26,26,25,27,24,26,27,24,21,29,8,23,22,16,21,16,26,2014-15
1610612755,Philadelphia 76ers,82,18,64,0.22,3961,93,94.9,102.1,103.9,-9.1,-9,0.609,1.16,15.5,0.293,0.686,0.48,0.183,0.459,0.494,98.3,96.45,80.37,7950,0.426,1,28,28,28,20,30,13,28,8,30,27,12,28,29,30,29,30,7,30,2014-15
1610612756,Phoenix Suns,82,39,43,0.476,3976,102.9,104.2,103.4,105.3,-0.5,-1.1,0.522,1.34,15.4,0.281,0.698,0.489,0.154,0.501,0.537,98.7,97.2,81,8058,0.491,1,17,17,17,8,17,19,20,30,25,29,22,21,25,20,10,13,3,20,2014-15
1610612757,Portland Trail Blazers,82,51,31,0.622,3971,105.5,107.1,101.4,102.8,4.2,4.3,0.567,1.61,16.8,0.282,0.728,0.51,0.142,0.508,0.544,96.5,95.06,79.22,7868,0.522,1,8,8,8,13,8,9,6,21,11,12,21,5,9,7,9,9,12,8,2014-15
1610612758,Sacramento Kings,82,29,53,0.354,3971,102.5,104.5,106.5,108.2,-4,-3.7,0.554,1.25,15.5,0.313,0.715,0.519,0.168,0.49,0.542,97.9,96.16,80.13,7952,0.485,1,25,25,25,13,14,27,25,26,29,28,4,11,3,26,19,10,9,21,2014-15
1610612759,San Antonio Spurs,82,55,27,0.671,3991,106.2,107.6,99.6,101.4,6.6,6.3,0.623,1.75,18.4,0.272,0.73,0.507,0.146,0.517,0.555,95.9,94.45,78.71,7860,0.545,1,5,5,5,1,7,3,3,7,5,4,25,3,10,14,5,5,17,2,2014-15
1610612761,Toronto Raptors,82,49,33,0.598,3971,108.1,110.2,104.8,107.1,3.2,3.1,0.547,1.61,16.1,0.301,0.689,0.494,0.137,0.508,0.553,95.4,93.46,77.88,7736,0.506,1,11,11,11,13,3,25,10,28,12,22,11,24,19,4,8,6,23,15,2014-15
1610612762,Utah Jazz,82,38,44,0.463,3941,102.5,104.2,102.1,104.1,0.5,0.1,0.563,1.3,15.8,0.332,0.715,0.524,0.168,0.494,0.531,92.8,91.1,75.91,7486,0.507,1,18,18,18,30,16,14,18,23,28,26,1,12,1,27,15,19,30,14,2014-15
1610612764,Washington Wizards,82,46,36,0.561,3991,101.8,103,100,102.4,1.9,0.6,0.627,1.6,18.1,0.288,0.726,0.514,0.157,0.499,0.534,96,94.29,78.58,7844,0.525,1,12,12,12,1,22,6,14,5,13,5,17,6,5,23,14,16,18,7,2014-15
1610612737,Atlanta Hawks,82,48,34,0.585,3966,103,104.6,98.8,100.8,4.1,3.9,0.663,1.71,19,0.234,0.698,0.474,0.152,0.516,0.552,99.4,97.63,81.36,8059,0.528,1,7,7,7,11,20,2,7,2,7,2,29,26,28,21,6,8,9,6,2015-16
1610612738,Boston Celtics,82,48,34,0.585,3956,103.9,105.8,100.9,102.5,3,3.3,0.616,1.76,17.4,0.29,0.707,0.495,0.138,0.488,0.531,101.1,99.43,82.86,8191,0.52,1,7,7,7,23,10,4,8,5,4,10,12,24,18,5,24,21,3,9,2015-16
1610612751,Brooklyn Nets,82,21,61,0.256,3951,100.9,102.4,108.5,109.7,-7.6,-7.4,0.583,1.51,17,0.279,0.716,0.494,0.153,0.492,0.527,97.4,96.12,80.1,7903,0.46,1,28,28,28,26,27,29,28,18,19,14,17,19,21,22,21,23,20,27,2015-16
1610612766,Charlotte Hornets,82,48,34,0.585,3971,105.1,106.4,101.8,103.7,3.3,2.7,0.586,1.73,16.7,0.244,0.754,0.499,0.129,0.502,0.545,97.8,96.24,80.2,7966,0.511,1,7,7,7,9,9,9,9,17,6,18,27,1,15,1,14,12,18,11,2015-16
1610612741,Chicago Bulls,82,42,40,0.512,3981,102.1,104.1,103.9,105.5,-1.8,-1.4,0.591,1.64,17,0.29,0.714,0.506,0.142,0.487,0.526,98.2,96.6,80.5,8008,0.494,1,14,14,14,3,23,15,18,14,12,13,11,20,12,12,26,26,15,16,2015-16
1610612739,Cleveland Cavaliers,82,57,25,0.695,3971,108.1,110.2,102.3,103.9,5.8,6.3,0.587,1.67,17.4,0.294,0.742,0.519,0.143,0.524,0.558,95.5,93.82,78.19,7764,0.528,1,3,3,3,9,3,10,4,16,10,11,10,5,4,13,3,4,28,5,2015-16
1610612742,Dallas Mavericks,82,42,40,0.512,4001,104.8,105.5,104.3,105.9,0.6,-0.4,0.592,1.73,17,0.241,0.723,0.484,0.132,0.502,0.544,96.4,95.34,79.45,7950,0.503,1,14,14,14,1,11,16,16,13,5,12,28,14,26,2,13,14,22,13,2015-16
1610612743,Denver Nuggets,82,33,49,0.402,3966,102.7,104.9,106.4,108.2,-3.7,-3.3,0.601,1.55,16.9,0.304,0.732,0.513,0.151,0.489,0.531,98.2,96.34,80.28,7963,0.479,1,21,21,21,11,17,25,23,9,15,15,3,9,7,19,23,22,17,25,2015-16
1610612765,Detroit Pistons,82,44,38,0.537,3976,103.3,105.3,103.4,104.9,-0.2,0.3,0.512,1.44,14.8,0.313,0.753,0.521,0.14,0.491,0.522,97.4,95.75,79.79,7942,0.486,1,12,12,12,5,15,13,14,29,23,29,2,2,2,8,22,28,21,22,2015-16
1610612744,Golden State Warriors,82,73,9,0.89,3976,112.5,113.5,100.9,102.8,11.6,10.6,0.68,1.91,20.4,0.267,0.72,0.507,0.15,0.563,0.593,101.6,100.24,83.54,8303,0.567,1,1,1,1,5,1,6,2,1,1,1,22,15,11,18,1,1,2,2,2015-16
1610612745,Houston Rockets,82,41,41,0.5,3966,105.5,107.3,105.6,107.3,-0.2,0,0.589,1.39,16.4,0.297,0.692,0.492,0.161,0.516,0.553,100.1,98.42,82.02,8139,0.49,1,17,17,17,11,7,21,15,15,26,19,8,29,23,27,7,6,7,19,2015-16
1610612754,Indiana Pacers,82,45,37,0.549,3976,102.4,103.8,100.2,102.2,2.2,1.6,0.554,1.43,16.1,0.271,0.714,0.494,0.151,0.497,0.536,99,97.35,81.13,8068,0.518,1,11,11,11,5,25,3,12,24,25,22,21,21,19,20,20,19,11,10,2015-16
1610612746,LA Clippers,82,53,29,0.646,3966,106.5,107.2,100.9,102.7,5.5,4.5,0.596,1.76,17.4,0.234,0.697,0.472,0.133,0.524,0.556,98,96.81,80.68,7995,0.533,1,6,6,6,11,8,5,5,10,3,9,30,27,29,3,5,5,13,4,2015-16
1610612747,Los Angeles Lakers,82,17,65,0.207,3946,98.6,100.7,109.3,110.3,-10.7,-9.7,0.513,1.31,14.1,0.271,0.712,0.484,0.142,0.46,0.509,98,96.55,80.46,7930,0.424,1,29,29,29,28,29,30,29,28,27,30,19,22,27,11,30,30,16,30,2015-16
1610612763,Memphis Grizzlies,82,42,40,0.512,3966,102.6,104.7,105.4,107.1,-2.9,-2.4,0.562,1.56,16,0.298,0.709,0.495,0.14,0.477,0.524,95.7,93.95,78.29,7763,0.483,1,14,14,14,11,19,20,21,20,13,25,6,23,16,9,29,27,27,23,2015-16
1610612748,Miami Heat,82,48,34,0.585,3966,104.2,105.5,101.5,103.7,2.6,1.7,0.543,1.48,16.3,0.28,0.729,0.512,0.148,0.508,0.545,95.7,94.14,78.45,7779,0.525,1,7,7,7,11,12,8,11,26,20,20,15,11,8,16,11,13,25,7,2015-16
1610612749,Milwaukee Bucks,82,33,49,0.402,3966,102.2,103.4,105.7,107.8,-3.5,-4.5,0.603,1.52,17.6,0.286,0.689,0.49,0.159,0.499,0.537,96.6,95.05,79.21,7858,0.483,1,21,21,21,11,26,23,26,8,17,8,13,30,25,24,17,17,23,24,2015-16
1610612750,Minnesota Timberwolves,82,29,53,0.354,3976,104.3,105.4,107.1,109,-2.8,-3.5,0.619,1.56,17.6,0.279,0.702,0.494,0.155,0.498,0.549,97.6,96.2,80.17,7965,0.497,1,26,26,26,5,13,28,24,4,14,6,18,25,20,23,18,9,19,14,2015-16
1610612740,New Orleans Pelicans,82,30,52,0.366,3956,103.2,104.8,107.3,108.4,-4.1,-3.7,0.577,1.65,16.8,0.252,0.748,0.493,0.137,0.498,0.537,98.9,97.64,81.37,8041,0.472,1,25,25,25,23,18,26,25,19,11,16,24,3,22,4,19,18,8,26,2015-16
1610612752,New York Knicks,82,32,50,0.39,3961,102,103.9,104.8,106.7,-2.8,-2.8,0.557,1.53,16,0.28,0.718,0.502,0.142,0.483,0.527,95.8,94.12,78.43,7763,0.487,1,24,24,24,19,24,18,22,23,16,24,16,17,13,10,28,24,26,21,2015-16
1610612760,Oklahoma City Thunder,82,55,27,0.671,3966,109.9,112.1,103,104.8,6.9,7.4,0.558,1.44,16.7,0.347,0.72,0.541,0.162,0.524,0.565,99.4,97.54,81.28,8061,0.546,1,5,5,5,11,2,11,3,21,22,17,1,16,1,28,4,2,10,3,2015-16
1610612753,Orlando Magic,82,35,47,0.427,3981,102.6,104.4,104.6,106,-2,-1.6,0.596,1.67,17.6,0.271,0.726,0.495,0.144,0.5,0.533,98.2,96.68,80.57,8018,0.488,1,20,20,20,3,22,17,19,11,9,7,20,13,17,14,16,20,14,20,2015-16
1610612755,Philadelphia 76ers,82,10,72,0.122,3961,96.6,98.4,106.7,108.6,-10,-10.2,0.594,1.31,16.3,0.25,0.693,0.466,0.165,0.487,0.519,100.2,98.44,82.03,8119,0.428,1,30,30,30,19,30,27,30,12,28,21,26,28,30,29,27,29,6,29,2015-16
1610612756,Phoenix Suns,82,23,59,0.28,3941,99.4,101.5,107,107.9,-7.6,-6.5,0.558,1.21,15.4,0.297,0.733,0.508,0.173,0.487,0.526,100.9,99.39,82.82,8152,0.45,1,27,27,27,29,28,24,27,22,30,26,7,8,10,30,25,25,4,28,2015-16
1610612757,Portland Trail Blazers,82,44,38,0.537,3961,106.1,107.6,105.6,106.8,0.6,0.8,0.552,1.46,16,0.294,0.728,0.51,0.15,0.511,0.548,98.3,97.06,80.88,8012,0.493,1,12,12,12,19,6,19,13,25,21,23,9,12,9,17,8,10,12,18,2015-16
1610612758,Sacramento Kings,82,33,49,0.402,3961,103.3,105.3,106.3,107.6,-3,-2.3,0.612,1.52,17.6,0.281,0.717,0.5,0.16,0.51,0.546,102.2,100.66,83.88,8302,0.494,1,21,21,21,19,14,22,20,6,18,5,14,18,14,25,10,11,1,17,2015-16
1610612759,San Antonio Spurs,82,67,15,0.817,3941,108.4,109.3,96.6,98.2,11.8,11.1,0.611,1.88,18.8,0.266,0.746,0.516,0.138,0.526,0.564,95.7,94.54,78.78,7767,0.578,1,2,2,2,29,4,1,1,7,2,3,23,4,6,6,2,3,24,1,2015-16
1610612761,Toronto Raptors,82,56,26,0.683,3956,107,109.3,102.7,104.8,4.3,4.4,0.511,1.43,14.9,0.3,0.736,0.52,0.139,0.504,0.552,95.3,93.35,77.8,7707,0.525,1,4,4,4,23,5,12,6,30,24,28,5,7,3,7,12,7,29,8,2015-16
1610612762,Utah Jazz,82,40,42,0.488,3991,103.1,105,101.6,103.2,1.6,1.8,0.526,1.27,15.1,0.303,0.731,0.517,0.161,0.501,0.54,93.3,91.66,76.39,7625,0.508,1,19,19,19,2,16,7,10,27,29,27,4,10,5,26,15,16,30,12,2015-16
1610612764,Washington Wizards,82,41,41,0.5,3951,102.9,104.5,103.6,105.1,-0.7,-0.5,0.619,1.69,18.1,0.25,0.737,0.49,0.145,0.511,0.544,100.6,99.16,82.63,8163,0.497,1,17,17,17,26,21,14,17,3,8,4,25,6,24,15,9,15,5,15,2015-16
1610612737,Atlanta Hawks,82,43,39,0.524,3976,102.3,104.5,103.1,105.2,-0.8,-0.7,0.621,1.5,17.4,0.282,0.717,0.502,0.16,0.504,0.541,99.8,97.76,81.46,8091,0.506,1,11,11,11,4,27,4,19,6,23,11,13,19,12,28,19,20,11,10,2016-17
1610612738,Boston Celtics,82,53,29,0.646,3951,108.6,110.6,105.5,108,3.1,2.6,0.653,1.9,18.8,0.259,0.705,0.485,0.136,0.525,0.567,99.3,97.21,81.01,8005,0.514,1,4,4,4,25,7,14,8,2,3,2,23,29,27,7,9,6,13,7,2016-17
1610612751,Brooklyn Nets,82,20,62,0.244,3951,101.9,103.6,108,110.1,-6.1,-6.5,0.566,1.29,15.9,0.241,0.716,0.483,0.162,0.507,0.551,103.6,101.75,84.79,8371,0.46,1,30,30,30,25,29,23,28,21,29,26,28,22,28,29,17,16,1,28,2016-17
1610612766,Charlotte Hornets,82,36,46,0.439,3966,106.4,108.4,106.1,108.4,0.3,0,0.611,2.01,17.6,0.247,0.749,0.496,0.119,0.501,0.547,97.8,95.92,79.93,7934,0.505,1,20,20,20,10,14,17,15,8,2,9,27,3,19,1,23,17,20,11,2016-17
1610612741,Chicago Bulls,82,41,41,0.5,3956,104.6,106.5,104.5,106.2,0.1,0.3,0.584,1.66,16.8,0.311,0.733,0.519,0.14,0.487,0.53,97.7,96.02,80.02,7919,0.504,1,15,15,15,18,21,5,14,13,15,17,3,8,4,13,30,28,19,13,2016-17
1610612739,Cleveland Cavaliers,82,51,31,0.622,3976,110.9,112.8,108,109.7,2.9,3.1,0.567,1.66,17.1,0.264,0.722,0.499,0.14,0.547,0.58,98.4,96.74,80.61,8019,0.51,1,5,5,5,4,3,21,7,20,16,15,21,14,18,11,2,3,16,9,2016-17
1610612742,Dallas Mavericks,82,33,49,0.402,3956,103.7,104.7,106.3,107.7,-2.6,-3,0.574,1.75,16.8,0.216,0.733,0.465,0.127,0.505,0.541,94.2,93.11,77.59,7668,0.479,1,22,22,22,18,25,13,23,17,7,18,30,7,30,3,18,19,28,24,2016-17
1610612743,Denver Nuggets,82,40,42,0.488,3951,110,112.2,110.5,111.7,-0.5,0.4,0.615,1.69,18.2,0.314,0.753,0.532,0.15,0.53,0.568,100.7,99.18,82.65,8167,0.503,1,18,18,18,25,4,29,13,7,10,4,2,2,1,23,5,5,6,15,2016-17
1610612765,Detroit Pistons,82,37,45,0.451,3961,103.3,105.3,105.3,106.7,-2,-1.4,0.53,1.78,16.1,0.286,0.775,0.519,0.123,0.492,0.521,97.1,95.52,79.6,7890,0.482,1,19,19,19,13,23,8,21,28,4,24,9,1,3,2,27,30,21,23,2016-17
1610612744,Golden State Warriors,82,67,15,0.817,3956,113.2,114.8,101.1,103.4,12.1,11.4,0.705,2.06,21.2,0.272,0.709,0.504,0.146,0.563,0.597,102.2,100.37,83.65,8279,0.579,1,1,1,1,18,1,2,1,1,1,1,17,27,10,20,1,1,4,1,2016-17
1610612745,Houston Rockets,82,55,27,0.671,3956,111.8,114.1,106.4,108.4,5.4,5.7,0.626,1.67,18.1,0.281,0.717,0.499,0.15,0.545,0.583,102.5,100.55,83.79,8289,0.516,1,3,3,3,18,2,18,3,4,13,5,15,21,17,22,3,2,3,6,2016-17
1610612754,Indiana Pacers,82,42,40,0.512,3971,106.2,107.9,106.3,108.1,-0.1,-0.2,0.572,1.63,17.2,0.255,0.713,0.488,0.141,0.516,0.558,98.1,96.59,80.49,7989,0.505,1,13,13,13,7,16,15,17,18,18,14,26,24,25,15,13,13,18,12,2016-17
1610612746,LA Clippers,82,51,31,0.622,3951,110.3,111.8,105.8,107.5,4.5,4.4,0.57,1.74,17.2,0.256,0.733,0.501,0.133,0.537,0.574,98.2,96.77,80.64,7968,0.527,1,5,5,5,25,5,12,4,19,8,13,25,6,13,6,4,4,15,4,2016-17
1610612747,Los Angeles Lakers,82,26,56,0.317,3941,103.4,105.3,110.6,112,-7.2,-6.7,0.532,1.38,15.6,0.284,0.717,0.494,0.153,0.501,0.537,100.8,99.26,82.72,8143,0.446,1,28,28,28,30,24,30,30,26,28,27,11,18,21,27,22,25,5,30,2016-17
1610612763,Memphis Grizzlies,82,43,39,0.524,3981,104.7,107,104.5,106.5,0.1,0.5,0.584,1.65,16.5,0.295,0.731,0.507,0.137,0.491,0.535,94.7,92.84,77.37,7702,0.501,1,11,11,11,2,19,7,12,12,17,20,7,9,7,9,28,26,29,17,2016-17
1610612748,Miami Heat,82,41,41,0.5,3956,105.2,107.4,104.1,106.4,1,1,0.544,1.58,16.3,0.284,0.718,0.499,0.14,0.512,0.541,97.6,95.51,79.6,7875,0.5,1,15,15,15,18,17,6,10,24,19,21,12,16,16,12,15,18,22,18,2016-17
1610612749,Milwaukee Bucks,82,42,40,0.512,3956,106.9,108.5,106.4,108.7,0.5,-0.2,0.624,1.73,18.5,0.26,0.706,0.487,0.146,0.527,0.565,96.7,94.99,79.16,7828,0.504,1,13,13,13,18,13,19,16,5,9,3,22,28,26,19,7,7,26,14,2016-17
1610612750,Minnesota Timberwolves,82,31,51,0.378,3961,108.1,110,109.1,110.9,-1,-0.9,0.6,1.69,17.7,0.309,0.71,0.507,0.146,0.511,0.555,97.1,95.48,79.57,7870,0.501,1,24,24,24,13,10,27,20,10,11,7,4,25,8,18,16,15,23,16,2016-17
1610612740,New Orleans Pelicans,82,34,48,0.415,3981,103.3,104.7,104.9,106.8,-1.6,-2.1,0.582,1.77,17.1,0.228,0.728,0.48,0.129,0.504,0.539,100.1,98.56,82.13,8173,0.493,1,21,21,21,2,26,9,22,14,6,16,29,11,29,4,20,23,8,21,2016-17
1610612752,New York Knicks,82,31,51,0.378,3971,104.7,107.1,108.7,110.7,-4.1,-3.6,0.551,1.57,16.3,0.305,0.698,0.5,0.143,0.496,0.534,98.6,96.63,80.53,7990,0.482,1,24,24,24,7,18,25,24,22,20,22,5,30,15,16,25,27,17,22,2016-17
1610612760,Oklahoma City Thunder,82,47,35,0.573,3961,105,107.9,105.1,107.1,-0.2,0.8,0.532,1.4,15.5,0.323,0.742,0.528,0.152,0.5,0.54,100.5,98.18,81.82,8099,0.499,1,10,10,10,13,15,10,11,27,27,28,1,5,2,25,24,21,9,19,2016-17
1610612753,Orlando Magic,82,29,53,0.354,3961,101.2,103.7,108,110.3,-6.8,-6.5,0.58,1.67,16.8,0.267,0.726,0.491,0.137,0.489,0.524,99.1,96.9,80.75,7989,0.46,1,26,26,26,13,28,24,29,15,14,19,20,12,23,8,29,29,14,29,2016-17
1610612755,Philadelphia 76ers,82,28,54,0.341,3966,100.7,102.7,106.4,108.2,-5.7,-5.5,0.631,1.43,17.4,0.273,0.709,0.49,0.167,0.501,0.539,101,99.07,82.56,8179,0.47,1,27,27,27,10,30,16,27,3,26,10,16,26,24,30,21,22,7,26,2016-17
1610612756,Phoenix Suns,82,24,58,0.293,3966,103.9,106.1,109.3,111.3,-5.4,-5.2,0.491,1.27,14.4,0.299,0.718,0.503,0.152,0.493,0.538,102.9,100.85,84.04,8320,0.462,1,29,29,29,10,22,28,26,29,30,30,6,17,11,26,26,24,2,27,2016-17
1610612757,Portland Trail Blazers,82,41,41,0.5,3986,107.8,109.4,107.8,110,0,-0.6,0.534,1.54,16,0.269,0.72,0.496,0.139,0.52,0.559,99.1,97.38,81.15,8088,0.493,1,15,15,15,1,11,22,18,25,21,25,19,15,20,10,11,12,12,20,2016-17
1610612758,Sacramento Kings,82,32,50,0.39,3976,104.6,106.6,109.1,110.8,-4.5,-4.2,0.594,1.54,17.3,0.258,0.723,0.492,0.152,0.516,0.556,97.1,95.42,79.52,7911,0.478,1,23,23,23,4,20,26,25,11,22,12,24,13,22,24,14,14,24,25,2016-17
1610612759,San Antonio Spurs,82,61,21,0.744,3961,108.8,110.3,100.9,102.9,7.9,7.4,0.606,1.77,18.1,0.282,0.73,0.511,0.141,0.524,0.564,96.4,94.86,79.05,7832,0.551,1,2,2,2,13,9,1,2,9,5,6,14,10,6,14,10,9,27,2,2016-17
1610612761,Toronto Raptors,82,51,31,0.622,3956,109.8,111.4,104.9,107.1,4.9,4.3,0.472,1.46,14.5,0.291,0.717,0.505,0.132,0.517,0.561,97.1,95.41,79.51,7867,0.516,1,5,5,5,18,6,11,6,30,25,29,8,20,9,5,12,11,25,5,2016-17
1610612762,Utah Jazz,82,51,31,0.622,3951,107.4,109,102.7,104.7,4.7,4.3,0.544,1.48,16.2,0.27,0.743,0.514,0.148,0.526,0.563,93.6,92.09,76.75,7579,0.534,1,5,5,5,25,12,3,5,23,24,23,18,4,5,21,8,10,30,3,2016-17
1610612764,Washington Wizards,82,49,33,0.598,3971,108.5,110.4,106.9,108.8,1.6,1.7,0.577,1.68,17.6,0.286,0.716,0.501,0.143,0.528,0.564,99.7,97.94,81.62,8109,0.511,1,9,9,9,7,8,20,9,16,12,8,10,23,14,17,6,8,10,8,2016-17
1610612737,Atlanta Hawks,82,24,58,0.293,3941,102.4,104.4,108.2,110.1,-5.8,-5.7,0.622,1.53,17.6,0.263,0.719,0.489,0.157,0.512,0.547,100.6,98.76,82.3,8114,0.468,1,27,27,27,27,26,24,26,5,23,8,18,26,26,29,22,20,8,26,2017-18
1610612738,Boston Celtics,82,55,27,0.671,3961,105.3,106.8,101.5,103.2,3.7,3.6,0.586,1.6,17,0.263,0.739,0.504,0.144,0.518,0.552,98.2,96.75,80.63,7987,0.519,1,4,4,4,12,18,2,7,13,17,21,19,10,11,15,15,14,22,8,2017-18
1610612751,Brooklyn Nets,82,28,54,0.341,3971,104.3,106.1,108.5,109.7,-4.2,-3.6,0.619,1.56,17.3,0.251,0.731,0.489,0.151,0.514,0.551,101.1,99.66,83.05,8238,0.474,1,23,23,23,5,22,21,24,6,21,12,24,14,25,22,18,15,6,24,2017-18
1610612766,Charlotte Hornets,82,36,46,0.439,3956,107,109,107,109,0,-0.1,0.554,1.7,16.1,0.271,0.763,0.512,0.128,0.508,0.549,100.5,98.66,82.21,8143,0.5,1,20,20,20,16,9,17,18,25,9,27,13,2,5,2,25,18,10,18,2017-18
1610612741,Chicago Bulls,82,27,55,0.329,3971,101.3,103.4,109.1,110.5,-7.8,-7,0.607,1.68,17.3,0.256,0.767,0.5,0.141,0.497,0.529,100.3,98.65,82.21,8160,0.453,1,24,24,24,5,28,28,28,8,13,14,22,1,17,11,29,29,11,28,2017-18
1610612739,Cleveland Cavaliers,82,50,32,0.61,3946,110.6,112,109.5,111.1,1,1,0.579,1.7,17.5,0.243,0.73,0.492,0.139,0.547,0.584,100.1,98.72,82.27,8114,0.502,1,6,6,6,23,5,29,14,20,8,9,28,16,24,9,3,3,9,17,2017-18
1610612742,Dallas Mavericks,82,24,58,0.293,3961,104.1,105.4,107.4,108.4,-3.3,-2.9,0.594,1.85,17.3,0.224,0.749,0.478,0.127,0.513,0.544,97.5,96.53,80.44,7959,0.475,1,27,27,27,12,24,16,22,10,2,11,30,5,30,1,19,23,26,23,2017-18
1610612743,Denver Nuggets,82,46,36,0.561,3976,109.6,111.4,108.8,110,0.8,1.4,0.617,1.68,18.2,0.3,0.736,0.517,0.151,0.536,0.57,99.1,97.69,81.41,8095,0.511,1,14,14,14,4,6,23,11,7,11,5,2,11,2,23,6,7,15,10,2017-18
1610612765,Detroit Pistons,82,39,43,0.476,3961,104.9,106.6,104.8,106.7,0,-0.1,0.582,1.7,17.1,0.269,0.74,0.499,0.138,0.512,0.543,98.4,96.75,80.62,7981,0.489,1,19,19,19,12,19,10,19,19,10,18,16,9,18,7,20,26,23,21,2017-18
1610612744,Golden State Warriors,82,58,24,0.707,3946,112.3,112.8,104.2,106.8,8.1,5.9,0.685,1.9,20.9,0.243,0.712,0.497,0.153,0.569,0.603,101.8,100.35,83.63,8251,0.554,1,3,3,3,23,3,11,3,1,1,1,27,29,19,25,1,1,5,1,2017-18
1610612745,Houston Rockets,82,65,17,0.793,3951,112.2,114.1,103.8,105.7,8.5,8.4,0.557,1.56,16.4,0.254,0.75,0.503,0.141,0.551,0.59,99.7,98.02,81.69,8078,0.531,1,1,1,1,18,1,7,1,22,22,26,23,4,14,10,2,2,13,5,2017-18
1610612754,Indiana Pacers,82,48,34,0.585,3951,107.2,108.5,105.6,107.3,1.6,1.3,0.544,1.67,16.8,0.271,0.721,0.496,0.136,0.525,0.557,98.2,96.84,80.7,7977,0.509,1,8,8,8,18,11,12,12,28,14,22,15,24,20,5,12,13,21,12,2017-18
1610612746,LA Clippers,82,42,40,0.512,3941,107.7,109.4,107.7,109.2,0,0.2,0.555,1.52,16.5,0.284,0.718,0.504,0.147,0.527,0.564,101.1,99.54,82.95,8167,0.497,1,18,18,18,27,8,19,17,24,26,25,6,27,10,18,10,10,7,19,2017-18
1610612747,Los Angeles Lakers,82,35,47,0.427,3981,104.2,106,105.6,107.3,-1.4,-1.3,0.584,1.51,17,0.279,0.729,0.505,0.155,0.517,0.548,102.6,100.9,84.08,8361,0.491,1,21,21,21,3,23,13,21,17,27,19,8,17,9,26,16,19,3,20,2017-18
1610612763,Memphis Grizzlies,82,22,60,0.268,3941,101.8,103.6,108.4,110.4,-6.6,-6.8,0.586,1.44,16.6,0.276,0.721,0.493,0.156,0.5,0.539,97.3,95.65,79.71,7865,0.46,1,29,29,29,27,27,26,27,12,29,24,10,23,23,28,28,27,29,27,2017-18
1610612748,Miami Heat,82,44,38,0.537,3986,104.5,106.2,104,105.8,0.5,0.4,0.585,1.58,17.1,0.261,0.741,0.501,0.148,0.52,0.551,97.8,96.1,80.08,7985,0.505,1,15,15,15,2,21,8,16,16,19,16,20,7,16,19,14,16,27,15,2017-18
1610612749,Milwaukee Bucks,82,44,38,0.537,3966,107.8,109,107.1,109.1,0.7,-0.2,0.585,1.68,17.7,0.244,0.709,0.48,0.142,0.531,0.571,98.5,97.03,80.86,8013,0.502,1,15,15,15,8,10,18,20,15,12,7,26,30,28,12,8,6,20,16,2017-18
1610612750,Minnesota Timberwolves,82,47,35,0.573,3961,110.8,112.5,108.4,110.2,2.4,2.3,0.553,1.82,17,0.289,0.72,0.503,0.128,0.523,0.566,98.3,96.75,80.62,7985,0.518,1,12,12,12,12,4,25,10,26,3,20,4,25,13,3,13,9,23,9,2017-18
1610612740,New Orleans Pelicans,82,48,34,0.585,3991,107.7,108.5,105.6,107.4,2.1,1.1,0.627,1.79,19,0.24,0.726,0.494,0.145,0.541,0.573,102.7,101.48,84.57,8443,0.525,1,8,8,8,1,12,14,13,4,5,3,29,19,21,16,4,5,1,7,2017-18
1610612752,New York Knicks,82,29,53,0.354,3966,104.1,106.3,108.4,109.7,-4.3,-3.4,0.573,1.58,17.2,0.289,0.727,0.509,0.15,0.51,0.544,99.2,97.64,81.37,8059,0.481,1,22,22,22,8,20,22,23,21,18,15,3,18,6,21,24,24,17,22,2017-18
1610612760,Oklahoma City Thunder,82,48,34,0.585,3966,107.6,110.1,104.7,106.4,2.9,3.7,0.535,1.53,15.8,0.32,0.725,0.515,0.143,0.514,0.546,99.2,97.34,81.11,8036,0.508,1,8,8,8,8,7,9,6,29,25,28,1,20,3,13,17,21,18,14,2017-18
1610612753,Orlando Magic,82,25,57,0.305,3946,102.8,104.7,107.7,109.4,-4.9,-4.7,0.604,1.61,17.5,0.248,0.714,0.48,0.147,0.512,0.545,100.3,98.58,82.15,8096,0.472,1,26,26,26,23,25,20,25,9,16,10,25,28,29,17,21,22,12,25,2017-18
1610612755,Philadelphia 76ers,82,52,30,0.634,3956,107.4,108.5,102,103.9,5.4,4.6,0.663,1.64,19.1,0.286,0.736,0.52,0.163,0.535,0.568,102.2,100.75,83.96,8299,0.542,1,5,5,5,16,13,3,4,2,15,2,5,12,1,30,7,8,4,2,2017-18
1610612756,Phoenix Suns,82,21,61,0.256,3941,100.8,102.8,110.6,111.7,-9.7,-9,0.553,1.35,15.6,0.271,0.724,0.493,0.155,0.495,0.532,102.6,101.14,84.28,8293,0.442,1,30,30,30,27,30,30,30,27,30,29,14,22,22,27,30,28,2,30,2017-18
1610612757,Portland Trail Blazers,82,49,33,0.598,3951,106.1,108.4,104.2,105.7,1.9,2.7,0.496,1.44,15,0.279,0.746,0.513,0.139,0.511,0.549,98.8,97.11,80.93,7992,0.51,1,7,7,7,18,14,6,9,30,28,30,7,6,4,8,23,17,19,11,2017-18
1610612758,Sacramento Kings,82,27,55,0.329,3951,101.1,103.1,109,110.4,-7.9,-7.3,0.556,1.57,16.6,0.264,0.731,0.489,0.143,0.502,0.529,97.1,95.5,79.58,7860,0.451,1,24,24,24,18,29,27,29,23,20,23,17,15,27,14,27,30,30,29,2017-18
1610612759,San Antonio Spurs,82,47,35,0.573,3946,105.5,107.1,102.4,104.1,3.1,3,0.583,1.73,17.3,0.277,0.741,0.508,0.137,0.507,0.543,97.2,95.7,79.75,7867,0.525,1,12,12,12,23,17,4,8,18,6,13,9,8,8,6,26,25,28,6,2017-18
1610612761,Toronto Raptors,82,59,23,0.72,3966,111,113,103.4,105.3,7.6,7.7,0.59,1.82,17.9,0.274,0.725,0.502,0.135,0.539,0.575,99.8,98.02,81.68,8104,0.538,1,2,2,2,8,2,5,2,11,4,6,12,21,15,4,5,4,14,3,2017-18
1610612762,Utah Jazz,82,48,34,0.585,3951,106.2,107.4,101.6,103,4.6,4.4,0.586,1.53,17.1,0.256,0.756,0.509,0.152,0.527,0.564,97.8,96.58,80.48,7951,0.532,1,8,8,8,18,16,1,5,14,24,17,21,3,7,24,9,11,25,4,2017-18
1610612764,Washington Wizards,82,43,39,0.524,3971,106.9,108.1,106.2,107.7,0.7,0.4,0.631,1.73,18.4,0.274,0.732,0.504,0.148,0.525,0.56,98.9,97.67,81.39,8087,0.509,1,17,17,17,5,15,15,15,3,7,4,11,13,12,20,11,12,16,13,2017-18
1610612737,Atlanta Hawks,82,29,53,0.354,3971,105.5,107.5,111.2,113.1,-5.7,-5.5,0.624,1.52,17.7,0.284,0.718,0.496,0.162,0.522,0.555,106.4,104.56,87.13,8642,0.464,1,26,26,26,7,23,28,26,9,29,16,8,24,20,30,17,17,1,26,2018-19
1610612738,Boston Celtics,82,49,33,0.598,3956,110.1,111.3,104.9,107,5.1,4.3,0.624,2.05,18.8,0.257,0.728,0.495,0.127,0.534,0.567,102,100.43,83.69,8282,0.53,1,9,9,9,18,10,6,6,8,2,4,24,15,23,3,7,10,16,5,2018-19
1610612751,Brooklyn Nets,82,42,40,0.512,3996,106.9,108.9,107,109,-0.1,-0.1,0.592,1.58,16.9,0.282,0.72,0.501,0.146,0.52,0.556,103.4,101.52,84.6,8452,0.492,1,14,14,14,1,19,15,15,18,25,23,9,23,15,25,18,15,11,21,2018-19
1610612766,Charlotte Hornets,82,39,43,0.476,3966,108.3,110.7,110.2,112,-1.8,-1.3,0.578,1.9,17,0.268,0.731,0.495,0.122,0.514,0.554,101.1,99.18,82.65,8202,0.486,1,17,17,17,11,11,23,19,24,6,22,17,12,22,2,24,19,21,24,2018-19
1610612741,Chicago Bulls,82,22,60,0.268,3981,102.5,104.5,110.9,112.8,-8.4,-8.3,0.55,1.55,16.3,0.242,0.727,0.483,0.141,0.505,0.541,101.1,99.3,82.75,8232,0.453,1,27,27,27,3,29,25,27,25,26,26,30,16,27,20,28,28,20,27,2018-19
1610612739,Cleveland Cavaliers,82,19,63,0.232,3951,105,106.8,115.1,116.8,-10.1,-10,0.532,1.54,15.6,0.282,0.732,0.496,0.138,0.503,0.54,98.9,97.37,81.14,8021,0.436,1,28,28,28,24,25,30,30,29,27,29,10,11,21,13,29,29,29,30,2018-19
1610612742,Dallas Mavericks,82,33,49,0.402,3956,106.6,108.7,108.3,110.1,-1.7,-1.5,0.603,1.64,17,0.273,0.734,0.503,0.142,0.519,0.555,101.4,99.6,83,8216,0.492,1,22,22,22,18,20,18,21,13,21,21,13,10,12,21,19,16,19,20,2018-19
1610612743,Denver Nuggets,82,54,28,0.659,3946,109.8,112.1,106.8,108.1,3,4,0.653,2.04,19.3,0.308,0.744,0.524,0.136,0.527,0.558,100.1,98.49,82.08,8096,0.524,1,4,4,4,27,7,10,8,2,3,2,1,5,2,11,15,14,26,8,2018-19
1610612765,Detroit Pistons,82,41,41,0.5,3971,106.1,108.4,106.9,108.7,-0.7,-0.3,0.579,1.63,16.5,0.291,0.745,0.509,0.14,0.509,0.544,99.7,97.88,81.57,8101,0.482,1,16,16,16,7,21,12,16,23,23,25,5,4,8,18,26,26,28,25,2018-19
1610612744,Golden State Warriors,82,57,25,0.695,3961,113.9,115,106.5,108.6,7.5,6.5,0.668,2.06,20.4,0.257,0.727,0.505,0.139,0.565,0.596,103.2,101.74,84.78,8390,0.546,1,3,3,3,15,1,11,2,1,1,1,23,17,10,16,1,1,10,2,2018-19
1610612745,Houston Rockets,82,53,29,0.646,3966,112.5,114.9,107.9,110.1,4.6,4.8,0.541,1.59,15.9,0.269,0.7,0.481,0.135,0.542,0.581,100.4,98.39,81.99,8130,0.498,1,5,5,5,11,2,17,5,28,24,28,16,29,28,9,4,3,27,17,2018-19
1610612754,Indiana Pacers,82,48,34,0.585,3941,107.3,109.4,104.2,106,3.1,3.4,0.628,1.9,18.9,0.269,0.722,0.499,0.139,0.53,0.561,100.4,98.64,82.2,8097,0.527,1,11,11,11,30,18,3,9,7,8,3,15,22,18,15,10,13,25,7,2018-19
1610612746,LA Clippers,82,48,34,0.585,3966,109.7,111.4,109,110.4,0.7,1,0.582,1.65,17.1,0.263,0.722,0.5,0.141,0.529,0.575,104.1,102.66,85.55,8475,0.505,1,11,11,11,11,9,19,13,21,19,20,21,21,17,19,12,5,7,13,2018-19
1610612747,Los Angeles Lakers,82,37,45,0.451,3956,105.2,107.4,107.3,108.9,-2.1,-1.6,0.6,1.63,17.8,0.27,0.725,0.502,0.15,0.527,0.554,105.5,103.6,86.33,8534,0.495,1,20,20,20,18,24,13,22,16,22,14,14,19,14,28,14,18,4,19,2018-19
1610612763,Memphis Grizzlies,82,33,49,0.402,3976,103.8,105.6,106.2,108,-2.4,-2.4,0.631,1.71,17.9,0.247,0.724,0.484,0.143,0.508,0.548,98.8,97.15,80.96,8038,0.49,1,22,22,22,4,27,9,24,6,16,13,27,20,26,23,27,24,30,22,2018-19
1610612748,Miami Heat,82,39,43,0.476,3946,104.6,106.7,105.1,107.1,-0.6,-0.4,0.612,1.65,17.6,0.291,0.731,0.509,0.149,0.515,0.542,100.7,98.73,82.28,8122,0.501,1,17,17,17,27,26,7,17,12,20,17,6,13,6,26,21,27,23,14,2018-19
1610612749,Milwaukee Bucks,82,60,22,0.732,3956,111.5,113.5,103,104.9,8.5,8.6,0.601,1.88,18.3,0.25,0.757,0.516,0.133,0.55,0.583,105.4,103.57,86.31,8533,0.553,1,1,1,1,18,4,1,1,15,10,10,26,2,5,7,2,2,5,1,2018-19
1610612750,Minnesota Timberwolves,82,36,46,0.439,3966,108.4,110.6,110.2,112.2,-1.9,-1.6,0.591,1.88,17.4,0.292,0.709,0.497,0.129,0.511,0.552,102.8,100.88,84.07,8341,0.498,1,21,21,21,11,13,24,23,19,9,18,4,27,19,5,25,22,13,15,2018-19
1610612740,New Orleans Pelicans,82,33,49,0.402,3951,108.6,110.7,110.4,112,-1.8,-1.3,0.619,1.82,18.6,0.285,0.729,0.509,0.142,0.529,0.563,105.6,103.89,86.58,8553,0.498,1,22,22,22,24,12,22,20,11,12,7,7,14,9,22,11,12,2,16,2018-19
1610612752,New York Knicks,82,17,65,0.207,3956,102.1,104,110.9,112.9,-8.8,-8.9,0.525,1.43,14.9,0.264,0.717,0.486,0.14,0.49,0.529,102,100.16,83.46,8244,0.442,1,30,30,30,18,30,26,28,30,30,30,20,25,25,17,30,30,17,29,2018-19
1610612760,Oklahoma City Thunder,82,49,33,0.598,3971,107.6,109.8,104.7,106.5,2.9,3.4,0.548,1.67,16.3,0.298,0.738,0.509,0.134,0.514,0.545,105.3,103.38,86.15,8549,0.506,1,9,9,9,7,16,4,10,26,17,27,3,9,7,8,22,25,6,12,2018-19
1610612753,Orlando Magic,82,42,40,0.512,3956,106.5,108.2,105.8,107.6,0.8,0.6,0.632,1.94,18.6,0.259,0.754,0.504,0.133,0.518,0.55,100.3,98.65,82.21,8133,0.508,1,14,14,14,18,22,8,14,5,5,6,22,3,11,6,20,23,24,11,2018-19
1610612755,Philadelphia 76ers,82,51,31,0.622,3961,110.4,111.6,107.1,109,3.3,2.6,0.648,1.8,18.7,0.278,0.741,0.517,0.144,0.532,0.574,104,102.59,85.49,8467,0.529,1,7,7,7,15,8,14,11,3,14,5,11,7,4,24,8,6,8,6,2018-19
1610612756,Phoenix Suns,82,19,63,0.232,3976,103.6,105.3,112.2,114.2,-8.6,-8.9,0.595,1.53,17.3,0.247,0.683,0.464,0.153,0.514,0.552,102.9,101.15,84.3,8371,0.45,1,28,28,28,4,28,29,29,17,28,19,28,30,30,29,23,21,12,28,2018-19
1610612757,Portland Trail Blazers,82,53,29,0.646,3971,111.4,113.7,108.1,109.5,3.3,4.2,0.544,1.66,16.6,0.308,0.739,0.526,0.137,0.528,0.568,101.6,99.96,83.3,8269,0.521,1,5,5,5,7,3,16,7,27,18,24,2,8,1,12,13,9,18,9,2018-19
1610612758,Sacramento Kings,82,39,43,0.476,3946,108.3,109.6,108.7,110.8,-0.4,-1.2,0.588,1.9,17.7,0.268,0.713,0.487,0.128,0.524,0.554,105.5,103.88,86.56,8545,0.495,1,17,17,17,27,17,21,18,20,7,15,18,26,24,4,16,20,3,18,2018-19
1610612759,San Antonio Spurs,82,48,34,0.585,3961,111.1,112.2,108.3,110.6,2.8,1.6,0.58,2.03,18.1,0.246,0.744,0.501,0.122,0.534,0.572,100.4,98.88,82.4,8162,0.516,1,11,11,11,15,6,20,12,22,4,12,29,6,16,1,6,8,22,10,2018-19
1610612761,Toronto Raptors,82,58,24,0.707,3976,110.9,112.6,104.3,106.8,6.5,5.8,0.603,1.81,18.2,0.265,0.726,0.502,0.138,0.543,0.579,102.5,100.51,83.76,8334,0.533,1,2,2,2,4,5,5,3,14,13,11,19,18,13,14,3,4,15,4,2018-19
1610612762,Utah Jazz,82,50,32,0.61,3951,108.8,110.3,103.2,105.3,5.5,5,0.644,1.72,18.5,0.275,0.759,0.522,0.149,0.538,0.572,102.5,100.84,84.03,8308,0.539,1,8,8,8,24,14,2,4,4,15,8,12,1,3,27,5,7,14,3,2018-19
1610612764,Washington Wizards,82,32,50,0.39,3986,108.6,110.2,111.3,112.9,-2.7,-2.7,0.623,1.87,18.4,0.252,0.706,0.477,0.136,0.531,0.567,103.7,102.23,85.19,8486,0.487,1,25,25,25,2,15,27,25,10,11,9,25,28,29,10,9,11,9,23,2018-19
1610612737,Atlanta Hawks,67,20,47,0.299,3256,104.3,107,112.3,114.4,-8,-7.4,0.589,1.48,16.9,0.267,0.708,0.484,0.155,0.515,0.554,105.6,103.28,86.06,6999,0.454,23,26,28,27,23,25,28,28,19,28,22,15,29,26,28,25,23,7,29,2019-20
1610612738,Boston Celtics,72,48,24,0.667,3486,110.4,112.8,104.5,106.5,6,6.3,0.557,1.66,16.7,0.283,0.731,0.509,0.137,0.531,0.57,101.9,99.92,83.27,7255,0.531,11,5,5,5,13,4,4,3,26,15,25,5,16,12,8,17,13,17,4,2019-20
1610612751,Brooklyn Nets,72,35,37,0.486,3496,106,108.7,107.1,109.2,-1.1,-0.5,0.606,1.6,17.3,0.28,0.736,0.511,0.148,0.52,0.554,104,101.7,84.75,7404,0.5,11,14,14,14,11,22,10,15,13,21,19,9,12,9,21,23,22,10,16,2019-20
1610612766,Charlotte Hornets,65,23,42,0.354,3150,103.9,105.9,110.6,112.8,-6.8,-7,0.639,1.63,17.7,0.28,0.706,0.486,0.15,0.504,0.539,98.1,96.24,80.2,6317,0.455,26,23,21,22,26,28,25,27,4,18,15,8,30,25,24,28,29,30,28,2019-20
1610612741,Chicago Bulls,65,22,43,0.338,3135,104.1,105.8,107.7,108.9,-3.6,-3.1,0.587,1.5,16.9,0.267,0.719,0.481,0.153,0.515,0.547,101.9,100.46,83.71,6563,0.466,26,24,23,24,29,29,9,22,20,26,21,14,23,28,26,24,26,16,25,2019-20
1610612739,Cleveland Cavaliers,65,19,46,0.292,3145,104.4,106.9,113.6,114.8,-9.2,-7.9,0.573,1.4,16.8,0.296,0.738,0.512,0.165,0.522,0.553,100.9,99.17,82.65,6497,0.453,26,28,26,29,27,26,30,29,23,30,23,2,9,7,30,22,24,23,30,2019-20
1610612742,Dallas Mavericks,75,43,32,0.573,3635,113.7,115.9,109.5,111.2,4.2,4.8,0.592,1.94,17.7,0.275,0.74,0.509,0.126,0.545,0.581,101.7,99.89,83.24,7569,0.521,1,12,13,13,1,1,18,6,17,4,14,12,8,10,3,4,4,18,8,2019-20
1610612743,Denver Nuggets,73,46,27,0.63,3549,110.1,112.6,108.6,110.4,1.5,2.2,0.636,1.94,19.1,0.294,0.725,0.509,0.139,0.535,0.567,99.5,97.64,81.37,7217,0.517,3,6,6,6,3,5,16,11,5,3,2,3,20,11,9,10,15,29,11,2019-20
1610612765,Detroit Pistons,66,20,46,0.303,3193,106.1,108.8,110.4,112.3,-4.3,-3.5,0.612,1.58,17.7,0.277,0.717,0.493,0.155,0.529,0.561,99.9,97.86,81.55,6507,0.473,24,26,26,26,24,20,22,23,11,23,13,11,25,19,27,19,20,28,23,2019-20
1610612744,Golden State Warriors,65,15,50,0.231,3145,102.9,104.4,110.9,113,-8,-8.6,0.663,1.72,18.2,0.255,0.722,0.481,0.146,0.497,0.54,102.7,101.04,84.2,6623,0.462,26,30,30,30,27,30,26,30,1,11,8,25,21,27,19,30,28,15,26,2019-20
1610612745,Houston Rockets,72,44,28,0.611,3476,110.3,112.5,107.4,109.8,2.9,2.7,0.53,1.47,15.5,0.249,0.713,0.48,0.14,0.537,0.578,106.3,104.04,86.7,7539,0.494,11,8,7,8,16,6,15,8,29,29,29,26,26,29,10,7,5,2,19,2019-20
1610612754,Indiana Pacers,73,45,28,0.616,3524,107.9,109.5,105.1,107.5,2.9,1.9,0.614,1.95,18.9,0.243,0.718,0.487,0.132,0.534,0.565,101.3,99.41,82.84,7299,0.52,3,7,7,7,5,19,6,13,10,2,3,27,24,24,5,12,18,22,9,2019-20
1610612746,LA Clippers,72,49,23,0.681,3476,111.1,113.3,105.3,106.9,5.7,6.3,0.571,1.63,16.9,0.278,0.737,0.515,0.142,0.535,0.577,103.9,102.16,85.13,7396,0.532,11,4,4,4,16,2,5,2,24,19,20,10,10,3,12,9,6,8,3,2019-20
1610612747,Los Angeles Lakers,71,52,19,0.732,3418,109.6,111.7,103.8,106.1,5.8,5.6,0.6,1.67,18,0.283,0.737,0.512,0.149,0.542,0.573,103.3,101.2,84.33,7211,0.539,21,3,2,3,22,11,3,5,15,14,10,6,11,6,23,5,9,11,2,2019-20
1610612763,Memphis Grizzlies,73,34,39,0.466,3514,106.9,108.7,107.5,109.7,-0.6,-1,0.633,1.77,18.7,0.271,0.733,0.506,0.147,0.528,0.561,105.3,103.31,86.1,7562,0.507,3,16,15,16,9,21,14,17,6,9,5,13,15,14,20,20,21,6,14,2019-20
1610612748,Miami Heat,73,44,29,0.603,3549,110,111.9,107.2,109.3,2.8,2.7,0.657,1.74,18.8,0.257,0.753,0.512,0.149,0.547,0.587,100.5,98.7,82.25,7306,0.525,3,8,11,11,3,7,12,7,3,10,4,23,3,5,22,3,1,27,6,2019-20
1610612749,Milwaukee Bucks,73,56,17,0.767,3519,110.5,111.9,100.6,102.5,9.9,9.4,0.598,1.71,18,0.241,0.775,0.524,0.142,0.552,0.583,107.2,105.51,87.93,7739,0.562,3,1,1,1,6,8,1,1,16,12,11,28,1,1,13,1,3,1,1,2019-20
1610612750,Minnesota Timberwolves,64,19,45,0.297,3112,105.3,107.6,110,111.6,-4.7,-4,0.59,1.55,16.7,0.264,0.731,0.488,0.146,0.514,0.551,105.9,103.94,86.62,6736,0.472,30,28,24,28,30,24,20,24,18,24,26,18,17,23,18,26,25,3,24,2019-20
1610612740,New Orleans Pelicans,72,30,42,0.417,3486,108,110.5,109.4,111.8,-1.4,-1.3,0.63,1.64,18.4,0.287,0.729,0.508,0.156,0.539,0.568,106.3,103.89,86.57,7548,0.495,11,21,21,21,13,15,21,20,7,17,7,4,18,13,29,6,14,4,18,2019-20
1610612752,New York Knicks,66,21,45,0.318,3193,103.8,105.9,110.6,112.4,-6.8,-6.5,0.552,1.54,16,0.3,0.742,0.513,0.143,0.501,0.531,100.9,99.11,82.59,6594,0.461,24,25,24,25,24,27,23,26,27,25,28,1,7,4,14,29,30,25,27,2019-20
1610612760,Oklahoma City Thunder,72,44,28,0.611,3486,108.4,110.1,106.3,108.1,2.1,2.1,0.543,1.58,16.3,0.241,0.728,0.492,0.137,0.53,0.573,101.1,99.42,82.85,7218,0.519,11,8,7,8,13,17,7,12,28,22,27,29,19,22,7,18,10,21,10,2019-20
1610612753,Orlando Magic,73,33,40,0.452,3514,106.1,107.9,107.1,109.2,-1,-1.3,0.608,1.86,17.5,0.267,0.749,0.5,0.129,0.506,0.544,100.9,98.99,82.49,7255,0.496,3,18,19,18,9,23,11,19,12,5,17,16,5,15,4,27,27,26,17,2019-20
1610612755,Philadelphia 76ers,73,43,30,0.589,3519,109.1,110.7,106.3,108.4,2.8,2.3,0.628,1.82,18.5,0.281,0.753,0.516,0.142,0.534,0.566,101.3,99.59,82.99,7304,0.523,3,12,12,12,6,14,8,10,8,7,6,7,2,2,11,13,16,20,7,2019-20
1610612756,Phoenix Suns,73,34,39,0.466,3519,109.7,111.3,108.4,110.8,1.4,0.5,0.661,1.84,19.2,0.261,0.734,0.498,0.145,0.532,0.576,103.7,101.74,84.79,7449,0.512,3,16,15,16,6,12,17,14,2,6,1,21,14,16,16,15,7,9,13,2019-20
1610612757,Portland Trail Blazers,74,35,39,0.473,3567,111.1,113.2,111.8,114.3,-0.7,-1.1,0.488,1.61,15.2,0.266,0.712,0.492,0.126,0.533,0.57,103.2,101.17,84.31,7519,0.486,2,14,15,15,2,3,27,18,30,20,30,17,28,20,2,14,12,13,20,2019-20
1610612758,Sacramento Kings,72,31,41,0.431,3491,107.8,109.5,109.6,111.4,-1.8,-1.9,0.582,1.64,17.4,0.258,0.736,0.492,0.144,0.534,0.566,101.2,99.6,83,7239,0.479,11,20,20,20,12,18,19,21,22,16,18,22,13,21,15,11,17,19,21,2019-20
1610612759,San Antonio Spurs,71,32,39,0.451,3443,110.4,111.7,110.9,112.6,-0.5,-0.9,0.585,1.96,17.9,0.233,0.751,0.495,0.123,0.531,0.572,102.6,101.14,84.29,7249,0.502,21,19,15,19,21,10,24,16,21,1,12,30,4,18,1,16,11,14,15,2019-20
1610612761,Toronto Raptors,72,53,19,0.736,3476,109,110.8,102,104.7,7,6.1,0.627,1.7,18.1,0.256,0.721,0.496,0.146,0.536,0.574,103.3,101.19,84.32,7328,0.53,11,2,2,2,16,13,2,4,9,13,9,24,22,17,17,8,8,12,5,2019-20
1610612762,Utah Jazz,72,44,28,0.611,3471,110,111.8,107.4,109.3,2.6,2.5,0.56,1.48,16.8,0.261,0.746,0.512,0.152,0.549,0.585,100.8,99.15,82.62,7169,0.513,11,8,7,8,19,9,13,9,25,27,24,20,6,8,25,2,2,24,12,2019-20
1610612764,Washington Wizards,72,25,47,0.347,3471,108.2,110.2,112.7,114.7,-4.5,-4.5,0.602,1.77,17.6,0.262,0.712,0.478,0.136,0.523,0.562,105.2,103.38,86.15,7475,0.473,11,22,28,23,19,16,29,25,14,8,16,19,27,30,6,21,19,5,22,2019-20
1610612737,Atlanta Hawks,72,41,31,0.569,3481,113,114.3,110.6,112.1,2.5,2.2,0.591,1.82,17.6,0.284,0.742,0.516,0.133,0.539,0.581,99.9,98.68,82.23,7160,0.511,1,11,11,11,11,9,18,11,18,14,20,6,9,7,10,16,10,22,10,2020-21
1610612738,Boston Celtics,72,36,36,0.5,3476,111,113.1,110,111.8,0.9,1.2,0.566,1.67,17.1,0.289,0.737,0.51,0.141,0.543,0.574,100.7,98.94,82.45,7172,0.501,1,16,16,16,16,10,13,13,27,22,26,3,13,10,18,12,16,20,17,2020-21
1610612751,Brooklyn Nets,72,48,24,0.667,3481,116.3,117.3,110.6,113.1,5.7,4.2,0.621,1.98,19.3,0.252,0.726,0.503,0.134,0.575,0.61,101.8,100.27,83.56,7280,0.532,1,4,4,4,11,1,22,7,10,6,5,22,23,13,12,1,1,11,5,2020-21
1610612766,Charlotte Hornets,72,33,39,0.458,3471,108.1,110.1,110.6,112,-2.5,-1.9,0.672,1.81,19.2,0.276,0.722,0.496,0.149,0.532,0.564,100.6,99,82.5,7159,0.489,1,19,19,19,19,23,16,23,1,16,7,9,26,17,25,19,21,18,22,2020-21
1610612741,Chicago Bulls,72,31,41,0.431,3476,108.7,110.4,109.9,111.5,-1.2,-1.1,0.635,1.77,19.2,0.267,0.767,0.519,0.151,0.547,0.575,101.1,99.58,82.99,7220,0.499,1,21,21,21,16,21,12,20,4,20,8,16,1,4,27,10,14,13,18,2020-21
1610612739,Cleveland Cavaliers,72,22,50,0.306,3486,103.1,105.2,112.1,113.5,-8.9,-8.3,0.618,1.54,17.5,0.28,0.729,0.499,0.157,0.508,0.543,99.6,97.96,81.64,7107,0.46,1,26,26,26,6,28,25,28,12,29,21,7,21,15,29,29,28,25,27,2020-21
1610612742,Dallas Mavericks,72,42,30,0.583,3461,112.9,114.6,110.4,112.3,2.5,2.3,0.557,1.9,17.2,0.253,0.734,0.496,0.123,0.55,0.582,99.5,97.94,81.62,7062,0.51,1,8,8,8,24,8,21,10,28,9,23,21,17,16,3,8,8,26,11,2020-21
1610612743,Denver Nuggets,72,47,25,0.653,3496,114.2,116.3,110,111.5,4.2,4.8,0.621,1.99,19.3,0.292,0.751,0.522,0.136,0.557,0.588,99.3,97.74,81.45,7123,0.525,1,5,5,5,1,6,11,6,11,5,4,2,6,3,15,6,6,27,7,2020-21
1610612765,Detroit Pistons,72,20,52,0.278,3486,105.4,107.6,110.3,112.2,-4.9,-4.5,0.626,1.62,17.8,0.267,0.725,0.493,0.151,0.519,0.556,100.1,98.19,81.82,7132,0.473,1,29,29,29,6,26,19,25,8,26,18,15,24,21,26,26,24,23,25,2020-21
1610612744,Golden State Warriors,72,39,33,0.542,3461,108.8,110.5,107.7,109.4,1.1,1.1,0.67,1.84,19.6,0.222,0.727,0.48,0.146,0.551,0.583,104.4,102.81,85.67,7412,0.51,1,14,14,14,24,20,5,15,3,12,2,30,22,27,24,7,7,3,12,2020-21
1610612745,Houston Rockets,72,17,55,0.236,3461,104.9,107,112.4,114.4,-7.5,-7.4,0.601,1.6,17.2,0.24,0.723,0.474,0.145,0.521,0.553,103.6,101.69,84.74,7320,0.451,1,30,30,30,24,27,27,27,16,28,25,28,25,30,23,24,27,6,28,2020-21
1610612754,Indiana Pacers,72,34,38,0.472,3491,109.9,111.9,109.6,111.9,0.3,0.1,0.633,2.02,19.2,0.247,0.701,0.476,0.131,0.542,0.575,104,102.05,85.04,7419,0.502,1,17,17,17,4,14,14,16,5,4,6,26,30,29,7,13,15,4,16,2020-21
1610612746,LA Clippers,72,47,25,0.653,3456,115.2,116.7,108.7,110.6,6.6,6.1,0.584,1.85,18.1,0.27,0.754,0.518,0.135,0.564,0.599,99.1,97.63,81.35,7036,0.53,1,5,5,5,30,3,8,2,21,11,12,12,5,6,14,4,2,28,6,2020-21
1610612747,Los Angeles Lakers,72,42,30,0.583,3491,107.5,109.8,104.8,106.8,2.7,2.9,0.607,1.62,18,0.269,0.748,0.511,0.152,0.536,0.569,100.8,98.85,82.37,7184,0.517,1,8,8,8,4,24,1,8,15,27,15,14,7,9,28,18,19,21,8,2020-21
1610612763,Memphis Grizzlies,72,38,34,0.528,3481,109.7,111.7,108.5,110.5,1.2,1.2,0.628,2.03,18.9,0.285,0.736,0.507,0.131,0.528,0.56,102.6,100.77,83.98,7302,0.511,1,15,15,15,11,15,7,14,7,3,9,4,15,11,6,22,22,8,9,2020-21
1610612748,Miami Heat,72,40,32,0.556,3476,109.1,110.6,108.5,110.7,0.6,-0.1,0.671,1.87,19.5,0.24,0.733,0.491,0.144,0.546,0.581,98.7,97.09,80.91,7036,0.509,1,13,13,13,16,18,10,17,2,10,3,29,19,22,21,11,9,29,13,2020-21
1610612749,Milwaukee Bucks,72,46,26,0.639,3466,114.7,116.5,109.1,110.7,5.5,5.8,0.569,1.84,18,0.269,0.755,0.519,0.134,0.566,0.593,104.4,102.85,85.71,7423,0.533,1,7,7,7,22,5,9,4,25,13,13,13,4,5,13,2,5,2,4,2020-21
1610612750,Minnesota Timberwolves,72,23,49,0.319,3481,107,109.3,112.1,114.5,-5.2,-5.3,0.63,1.8,18,0.271,0.717,0.484,0.139,0.52,0.555,104.1,101.96,84.96,7389,0.469,1,25,25,25,11,25,28,26,6,17,14,11,27,25,17,25,25,5,26,2020-21
1610612740,New Orleans Pelicans,72,31,41,0.431,3486,110.8,113,111.6,113.3,-0.7,-0.3,0.612,1.78,18.3,0.302,0.755,0.527,0.144,0.537,0.57,102.3,100.54,83.79,7303,0.508,1,21,21,21,6,11,23,18,13,18,11,1,3,2,22,17,17,10,14,2020-21
1610612752,New York Knicks,72,41,31,0.569,3486,108.2,110.2,105.7,107.8,2.5,2.4,0.543,1.65,16.3,0.264,0.738,0.505,0.133,0.524,0.559,98.2,96.32,80.27,6994,0.502,1,11,11,11,6,22,4,9,29,24,27,17,12,12,11,23,23,30,15,2020-21
1610612760,Oklahoma City Thunder,72,22,50,0.306,3471,101.3,102.8,111.9,113.4,-10.5,-10.6,0.568,1.37,16.1,0.254,0.742,0.494,0.158,0.509,0.539,103.1,101.61,84.67,7353,0.442,1,26,26,26,19,30,24,30,26,30,29,19,10,20,30,28,29,7,30,2020-21
1610612753,Orlando Magic,72,21,51,0.292,3466,102.9,104.6,112.1,113.9,-9.2,-9.3,0.57,1.7,16.3,0.252,0.744,0.488,0.129,0.49,0.527,100.8,99.17,82.64,7158,0.45,1,28,28,28,22,29,26,29,24,21,28,23,8,23,5,30,30,17,29,2020-21
1610612755,Philadelphia 76ers,72,49,23,0.681,3486,110.8,112.5,105.1,107,5.7,5.5,0.572,1.64,17.2,0.277,0.737,0.511,0.143,0.541,0.579,101.8,100.12,83.43,7272,0.536,1,3,3,3,6,13,2,5,23,25,24,8,14,8,20,14,11,12,2,2020-21
1610612756,Phoenix Suns,72,51,21,0.708,3496,114.9,116.3,108.8,110.4,6.1,5.9,0.622,2.15,19.6,0.248,0.741,0.5,0.126,0.564,0.597,99.3,98,81.67,7137,0.534,1,2,2,2,1,7,6,3,9,1,1,25,11,14,4,3,3,24,3,2020-21
1610612757,Portland Trail Blazers,72,42,30,0.583,3461,114.9,117.1,113.4,115.3,1.5,1.8,0.515,1.92,15.9,0.273,0.731,0.495,0.112,0.54,0.577,100.8,98.97,82.48,7137,0.493,1,8,8,8,24,2,29,12,30,7,30,10,20,18,1,15,13,19,20,2020-21
1610612758,Sacramento Kings,72,31,41,0.431,3461,111.1,112.7,114.6,116.5,-3.5,-3.8,0.599,1.91,18.4,0.253,0.713,0.482,0.133,0.549,0.578,102.2,100.71,83.92,7266,0.481,1,21,21,21,24,12,30,24,17,8,10,20,29,26,8,9,12,9,24,2020-21
1610612759,San Antonio Spurs,72,33,39,0.458,3496,108.6,110.5,110.7,112,-2.1,-1.5,0.584,2.14,17.9,0.243,0.733,0.485,0.113,0.517,0.554,101,99.45,82.87,7236,0.493,1,19,19,19,1,19,17,21,20,2,16,27,18,24,2,27,26,15,21,2020-21
1610612761,Toronto Raptors,72,27,45,0.375,3461,109.3,111.6,109.8,112,-0.5,-0.4,0.607,1.82,17.7,0.256,0.716,0.479,0.133,0.529,0.567,101.6,99.57,82.98,7177,0.486,1,24,24,24,24,16,15,19,14,15,19,18,28,28,9,21,20,14,23,2020-21
1610612762,Utah Jazz,72,52,20,0.722,3471,115.1,116.5,105.7,107.5,9.4,9,0.573,1.66,17.3,0.284,0.757,0.529,0.142,0.563,0.597,100.8,99.37,82.81,7193,0.542,1,1,1,1,19,4,3,1,22,23,22,5,2,1,19,5,4,16,1,2020-21
1610612764,Washington Wizards,72,34,38,0.472,3481,108.9,110.7,110.5,112.3,-1.7,-1.6,0.59,1.77,17.8,0.25,0.736,0.494,0.137,0.531,0.569,106.4,104.67,87.22,7585,0.496,1,17,17,17,11,17,20,22,19,19,17,24,16,19,16,20,18,1,19,2020-21
1610612737,Atlanta Hawks,82,43,39,0.524,3941,114,115.4,112.1,113.7,1.9,1.6,0.593,2.08,18.1,0.269,0.731,0.501,0.12,0.543,0.581,100,98.67,82.22,8099,0.509,1,16,16,16,30,2,26,14,22,4,14,17,12,14,1,8,6,17,14,2021-22
1610612738,Boston Celtics,82,51,31,0.622,3981,112.1,113.6,104,106.2,8.1,7.4,0.609,1.82,18.2,0.277,0.725,0.509,0.139,0.542,0.578,99,97.26,81.05,8068,0.547,1,6,6,6,2,9,1,2,14,11,10,11,16,10,13,9,9,24,2,2021-22
1610612751,Brooklyn Nets,82,44,38,0.537,3951,111,113.2,109.6,112.3,1.3,0.9,0.602,1.8,18.3,0.281,0.704,0.499,0.141,0.54,0.576,101.6,99.4,82.83,8177,0.512,1,14,14,14,19,10,20,15,16,13,9,9,30,15,18,11,11,11,11,2021-22
1610612766,Charlotte Hornets,82,43,39,0.524,3976,111.7,113.6,111,113.1,0.7,0.5,0.656,2.12,19.6,0.27,0.706,0.486,0.131,0.544,0.572,102.3,100.52,83.76,8322,0.504,1,16,16,16,3,8,22,16,3,2,2,14,29,27,9,7,13,5,15,2021-22
1610612741,Chicago Bulls,82,46,36,0.561,3946,111,112.7,111.1,113.2,-0.1,-0.5,0.572,1.86,17.8,0.249,0.735,0.495,0.13,0.541,0.579,100.4,98.76,82.3,8124,0.496,1,12,12,12,24,13,23,20,27,10,17,28,7,17,6,10,8,14,20,2021-22
1610612739,Cleveland Cavaliers,82,44,38,0.537,3946,109.4,111,107,108.9,2.4,2.1,0.634,1.75,18.7,0.277,0.724,0.506,0.148,0.538,0.571,98.4,96.83,80.69,7964,0.517,1,14,14,14,24,20,5,13,6,21,7,12,18,12,27,14,15,25,7,2021-22
1610612742,Dallas Mavericks,82,52,30,0.634,3951,110.5,112.5,106.8,109.1,3.7,3.5,0.595,1.87,17.8,0.256,0.733,0.496,0.13,0.538,0.572,97.5,95.64,79.7,7871,0.511,1,5,5,5,19,14,7,7,20,9,18,23,10,16,7,13,14,30,12,2021-22
1610612743,Denver Nuggets,82,48,34,0.585,3961,111.7,113.8,110.3,111.5,1.4,2.3,0.667,1.92,20,0.268,0.752,0.515,0.146,0.556,0.59,99.9,98.41,82.01,8123,0.516,1,10,10,10,8,6,15,11,2,6,1,19,1,4,26,1,1,20,9,2021-22
1610612765,Detroit Pistons,82,23,59,0.28,3956,103.3,105.6,111.1,113.3,-7.9,-7.7,0.615,1.65,17.1,0.276,0.707,0.481,0.143,0.494,0.533,100.9,98.81,82.34,8141,0.45,1,28,28,28,13,28,24,26,12,23,24,13,26,30,20,30,29,13,29,2021-22
1610612744,Golden State Warriors,82,53,29,0.646,3946,110.5,112.1,103.9,106.6,6.5,5.5,0.669,1.82,19.5,0.269,0.736,0.51,0.15,0.552,0.582,100.7,98.74,82.28,8121,0.536,1,3,3,3,24,16,2,4,1,12,3,15,6,8,29,3,4,15,3,2021-22
1610612745,Houston Rockets,82,20,62,0.244,3951,105.4,108.1,114.4,116.4,-9,-8.3,0.598,1.43,17.1,0.265,0.71,0.485,0.162,0.534,0.565,103.3,101.16,84.3,8323,0.451,1,30,30,30,19,26,30,29,18,30,25,20,25,28,30,17,18,2,28,2021-22
1610612754,Indiana Pacers,82,25,57,0.305,3976,109.2,111.9,113.9,115.5,-4.6,-3.6,0.612,1.76,18.1,0.31,0.725,0.512,0.145,0.531,0.564,100.5,98.55,82.13,8166,0.478,1,26,26,26,3,18,28,24,13,18,11,3,17,7,24,20,20,18,24,2021-22
1610612746,LA Clippers,82,42,40,0.512,3956,107.7,109.5,107.5,109.5,0.2,0,0.599,1.75,17.7,0.254,0.706,0.486,0.139,0.531,0.564,100.2,98.51,82.09,8121,0.502,1,18,18,18,13,25,8,18,17,20,19,26,27,26,14,19,19,19,17,2021-22
1610612747,Los Angeles Lakers,82,33,49,0.402,3996,107.9,110,110.9,112.8,-3,-2.9,0.576,1.65,17.3,0.256,0.72,0.49,0.142,0.537,0.567,102.3,100.47,83.73,8360,0.482,1,23,23,23,1,22,21,22,26,24,22,25,21,22,19,15,17,7,23,2021-22
1610612763,Memphis Grizzlies,82,56,26,0.683,3956,111.6,114.3,106.2,108.9,5.4,5.3,0.597,1.97,17.9,0.338,0.726,0.526,0.13,0.522,0.553,103.1,100.52,83.77,8295,0.53,1,2,2,2,13,4,6,5,19,5,15,1,15,1,8,23,24,4,4,2021-22
1610612748,Miami Heat,82,53,29,0.646,3971,111.2,113,106.3,108.4,4.9,4.5,0.644,1.75,18.8,0.278,0.735,0.51,0.149,0.547,0.584,98.2,96.53,80.44,7987,0.529,1,3,3,3,5,12,4,6,5,19,6,10,9,9,28,5,3,28,5,2021-22
1610612749,Milwaukee Bucks,82,51,31,0.622,3951,112.5,114.3,109.4,111.1,3.1,3.2,0.572,1.78,17.3,0.269,0.747,0.512,0.133,0.546,0.58,102.2,100.59,83.83,8284,0.516,1,6,6,6,19,3,14,8,28,15,21,16,2,6,10,6,7,3,10,2021-22
1610612750,Minnesota Timberwolves,82,46,36,0.561,3956,111.3,113.8,109.1,111,2.1,2.7,0.617,1.79,18.1,0.284,0.706,0.49,0.141,0.539,0.573,103.5,101.47,84.56,8357,0.504,1,12,12,12,13,7,13,10,10,14,12,7,28,21,17,12,12,1,16,2021-22
1610612740,New Orleans Pelicans,82,36,46,0.439,3951,109,111.2,110.5,112,-1.5,-0.8,0.621,1.78,18.1,0.306,0.742,0.518,0.143,0.517,0.557,99.7,98.02,81.69,8060,0.5,1,20,20,20,19,19,18,21,8,16,13,4,3,3,21,24,22,21,18,2021-22
1610612752,New York Knicks,82,37,45,0.451,3956,108,109.7,107.6,110.2,0.4,-0.4,0.581,1.65,16.4,0.291,0.74,0.512,0.137,0.513,0.55,98.4,96.42,80.35,7958,0.491,1,19,19,19,13,23,11,19,24,25,29,6,4,5,12,26,25,29,22,2021-22
1610612760,Oklahoma City Thunder,82,24,58,0.293,3961,102.2,103.8,110.2,111.7,-8,-8,0.58,1.59,16.4,0.256,0.727,0.487,0.14,0.497,0.53,100.8,99.39,82.83,8198,0.451,1,27,27,27,8,30,17,27,25,28,28,24,14,24,15,29,30,12,27,2021-22
1610612753,Orlando Magic,82,22,60,0.268,3956,101.8,103.9,110.3,112.1,-8.5,-8.1,0.62,1.64,17.4,0.249,0.735,0.49,0.144,0.503,0.538,101.5,99.71,83.09,8223,0.458,1,29,29,29,13,29,19,28,9,26,20,27,8,23,23,28,28,10,26,2021-22
1610612755,Philadelphia 76ers,82,51,31,0.622,3961,111,113,108.3,110.2,2.7,2.8,0.602,1.89,17.9,0.246,0.724,0.49,0.129,0.534,0.578,98.4,96.71,80.59,7975,0.517,1,6,6,6,8,11,12,9,15,8,16,30,19,20,5,16,10,26,8,2021-22
1610612756,Phoenix Suns,82,64,18,0.78,3946,112.5,114.2,104.7,106.8,7.8,7.5,0.627,2.12,19.5,0.264,0.728,0.503,0.129,0.549,0.581,102,100.26,83.55,8242,0.548,1,1,1,1,24,5,3,1,7,3,5,21,13,13,4,4,5,8,1,2021-22
1610612757,Portland Trail Blazers,82,27,55,0.329,3946,105.5,107.3,114,116.3,-8.5,-9.1,0.595,1.58,17,0.268,0.721,0.487,0.146,0.515,0.55,100.6,98.74,82.28,8120,0.447,1,25,25,25,24,27,29,30,21,29,26,18,20,25,25,25,26,15,30,2021-22
1610612758,Sacramento Kings,82,30,52,0.366,3961,107.2,109.6,112.9,114.8,-5.7,-5.2,0.585,1.68,17.3,0.259,0.714,0.484,0.14,0.525,0.561,102.1,100.1,83.41,8252,0.473,1,24,24,24,8,24,27,25,23,22,23,22,22,29,16,22,21,9,25,2021-22
1610612759,San Antonio Spurs,82,34,48,0.415,3961,109.4,111.9,110,111.7,-0.6,0.2,0.646,2.19,19.5,0.281,0.711,0.494,0.126,0.527,0.556,102.4,100.51,83.76,8290,0.51,1,22,22,22,8,17,16,17,4,1,4,8,24,18,2,21,23,6,13,2021-22
1610612761,Toronto Raptors,82,48,34,0.585,3971,109.6,112.1,107.9,109.9,1.7,2.2,0.543,1.77,16.1,0.325,0.714,0.508,0.128,0.51,0.543,98.6,96.63,80.53,8000,0.494,1,10,10,10,5,15,9,12,30,17,30,2,23,11,3,27,27,27,21,2021-22
1610612762,Utah Jazz,82,49,33,0.598,3946,114,116.2,107.7,110,6.2,6.2,0.552,1.6,16.7,0.3,0.738,0.525,0.143,0.555,0.589,99.5,97.5,81.25,8014,0.528,1,9,9,9,24,1,10,3,29,27,27,5,5,2,22,2,2,23,6,2021-22
1610612764,Washington Wizards,82,35,47,0.427,3966,108.9,110.2,111.7,113.6,-2.8,-3.4,0.617,1.91,18.5,0.247,0.731,0.494,0.133,0.532,0.568,99.3,97.8,81.5,8079,0.496,1,21,21,21,7,21,25,23,11,7,8,29,11,19,11,18,16,22,19,2021-22
1610612737,Atlanta Hawks,82,41,41,0.5,3971,113.9,115.5,113.6,115.4,0.3,0.1,0.56,1.93,17.6,0.289,0.717,0.5,0.126,0.541,0.579,103.1,101.56,84.63,8407,0.5,1,17,17,17,8,7,22,19,28,6,22,11,18,16,3,19,19,6,17,2022-23
1610612738,Boston Celtics,82,57,25,0.695,3996,115.7,117.3,108.8,110.6,7,6.7,0.632,2,19.1,0.255,0.746,0.506,0.133,0.566,0.6,100.6,99.15,82.63,8247,0.534,1,2,2,2,1,2,2,1,5,4,5,27,1,9,7,4,5,20,1,2022-23
1610612751,Brooklyn Nets,82,45,37,0.549,3946,113,114.6,110.9,113.5,2.1,1.1,0.616,1.86,18.9,0.234,0.689,0.472,0.139,0.562,0.598,100.7,98.77,82.31,8111,0.51,1,9,9,9,29,12,16,14,9,11,6,29,29,29,16,7,7,23,13,2022-23
1610612766,Charlotte Hornets,82,27,55,0.329,3966,106.7,108.4,112.6,114.7,-5.9,-6.3,0.609,1.77,17.8,0.276,0.717,0.491,0.139,0.516,0.551,103.3,101.47,84.56,8390,0.473,1,27,27,27,12,30,20,27,13,20,20,17,19,24,14,29,30,9,27,2022-23
1610612741,Chicago Bulls,82,40,42,0.488,3981,111.7,112.8,109.4,111.5,2.3,1.3,0.575,1.83,18.1,0.236,0.736,0.493,0.133,0.55,0.587,100.6,99.18,82.65,8225,0.512,1,19,19,19,4,24,5,13,23,14,17,28,3,22,8,12,12,18,9,2022-23
1610612739,Cleveland Cavaliers,82,51,31,0.622,3976,113.7,115.5,107.7,109.9,6,5.6,0.6,1.87,18.6,0.273,0.715,0.496,0.137,0.556,0.59,98,96.27,80.23,7972,0.531,1,5,5,5,5,8,1,2,17,10,11,20,20,20,12,9,9,30,2,2022-23
1610612742,Dallas Mavericks,82,38,44,0.463,3986,114.3,115.9,114,116.1,0.3,-0.2,0.573,1.88,17.4,0.226,0.717,0.471,0.124,0.565,0.599,98.8,97.21,81.01,8082,0.487,1,21,21,21,3,6,25,20,25,8,24,30,17,30,2,5,6,28,23,2022-23
1610612743,Denver Nuggets,82,53,29,0.646,3951,115,116.8,111.7,113.5,3.3,3.3,0.663,1.99,20.5,0.289,0.727,0.514,0.147,0.573,0.601,100.3,98.74,82.28,8129,0.525,1,4,4,4,25,5,15,6,2,5,1,12,11,4,23,1,3,24,3,2022-23
1610612765,Detroit Pistons,82,17,65,0.207,3961,107.8,109.9,116.1,117.8,-8.2,-7.9,0.581,1.52,16.7,0.292,0.702,0.491,0.15,0.52,0.561,101.6,99.88,83.23,8231,0.449,1,30,30,30,18,28,27,28,22,29,28,8,27,23,26,27,26,13,30,2022-23
1610612744,Golden State Warriors,82,44,38,0.537,3966,113.5,115.1,111.4,113.4,2.1,1.7,0.691,1.83,20.4,0.277,0.719,0.502,0.158,0.571,0.6,104.2,102.54,85.45,8472,0.51,1,11,11,11,12,10,14,11,1,13,2,16,16,14,29,3,4,1,12,2022-23
1610612745,Houston Rockets,82,22,60,0.268,3951,107.7,110.5,116.9,118.6,-9.2,-8.1,0.551,1.38,16,0.344,0.729,0.53,0.162,0.516,0.554,101.8,99.74,83.11,8220,0.457,1,28,28,28,25,27,29,29,29,30,30,1,9,1,30,30,29,14,28,2022-23
1610612754,Indiana Pacers,82,35,47,0.427,3951,111,113.8,115.4,117.1,-4.4,-3.3,0.643,1.81,18.9,0.285,0.685,0.482,0.146,0.545,0.581,103.8,101.68,84.73,8377,0.482,1,23,23,23,25,21,26,25,4,15,7,13,30,28,22,16,18,5,25,2022-23
1610612746,LA Clippers,82,44,38,0.537,3966,112.4,114,112,113.6,0.3,0.5,0.581,1.68,17.5,0.273,0.731,0.505,0.143,0.551,0.588,100.2,98.84,82.37,8168,0.498,1,11,11,11,12,17,17,17,21,26,23,21,7,11,18,11,11,21,18,2022-23
1610612747,Los Angeles Lakers,82,43,39,0.524,3976,111.8,113.9,111.5,113.2,0.3,0.7,0.589,1.8,17.9,0.269,0.727,0.505,0.137,0.542,0.582,103.6,101.92,84.93,8436,0.511,1,14,14,14,5,19,12,16,20,17,18,22,10,10,11,18,17,4,10,2022-23
1610612763,Memphis Grizzlies,82,51,31,0.622,3956,112.3,114.7,108.3,110.7,4,4,0.596,1.91,18.2,0.302,0.711,0.507,0.133,0.54,0.57,103.7,101.5,84.58,8360,0.519,1,5,5,5,22,11,3,4,19,7,15,6,22,8,9,21,25,8,6,2022-23
1610612748,Miami Heat,82,44,38,0.537,3961,110.4,112.3,110.6,112.8,-0.2,-0.5,0.608,1.77,17.8,0.274,0.733,0.498,0.138,0.53,0.574,98.6,96.76,80.63,7991,0.496,1,11,11,11,18,25,9,21,14,21,21,18,4,18,13,25,21,29,22,2022-23
1610612749,Milwaukee Bucks,82,58,24,0.707,3966,112.8,114.3,109.4,110.9,3.3,3.4,0.604,1.76,18.1,0.284,0.745,0.521,0.143,0.555,0.583,102.8,101.45,84.54,8389,0.523,1,1,1,1,12,15,4,5,15,23,16,14,2,3,19,10,15,10,5,2022-23
1610612750,Minnesota Timberwolves,82,42,40,0.512,3966,111.3,113.3,111.1,113.1,0.2,0.2,0.61,1.71,18.6,0.258,0.703,0.485,0.15,0.56,0.592,103.4,101.55,84.62,8383,0.503,1,15,15,15,12,23,10,18,12,24,10,26,26,27,25,8,8,7,16,2022-23
1610612740,New Orleans Pelicans,82,42,40,0.512,3971,111.8,113.8,109.9,112,1.9,1.9,0.616,1.77,18.5,0.29,0.732,0.512,0.145,0.543,0.582,101.4,99.58,82.98,8239,0.514,1,15,15,15,8,20,6,10,10,19,12,9,5,5,20,17,16,16,8,2022-23
1610612752,New York Knicks,82,47,35,0.573,3991,114.9,117,111.8,114.2,3.1,2.8,0.546,1.77,16.6,0.318,0.727,0.521,0.131,0.541,0.577,99.7,97.75,81.46,8134,0.509,1,8,8,8,2,4,19,7,30,22,29,2,12,2,5,20,20,26,14,2022-23
1610612760,Oklahoma City Thunder,82,40,42,0.488,3971,112.3,114.2,111.4,113.2,0.8,1,0.567,1.87,17.2,0.289,0.693,0.487,0.127,0.531,0.57,103.6,101.94,84.95,8435,0.498,1,19,19,19,8,16,13,15,27,9,26,10,28,25,4,24,23,3,20,2022-23
1610612753,Orlando Magic,82,34,48,0.415,3956,109,111.3,111.5,113.7,-2.4,-2.3,0.574,1.54,17,0.281,0.73,0.505,0.151,0.532,0.573,101.7,99.66,83.05,8205,0.485,1,25,25,25,22,26,18,24,24,28,27,15,8,12,27,23,22,15,24,2022-23
1610612755,Philadelphia 76ers,82,54,28,0.659,3976,115.5,117,110.2,112.7,5.2,4.4,0.616,1.84,18.6,0.258,0.721,0.496,0.139,0.563,0.608,99.2,97.44,81.2,8072,0.524,1,3,3,3,5,3,8,3,8,12,9,25,14,19,15,6,2,27,4,2022-23
1610612756,Phoenix Suns,82,45,37,0.549,3956,112.1,114.5,110.1,112.3,2.1,2.2,0.647,2.01,19.3,0.307,0.714,0.508,0.136,0.535,0.57,100.8,98.83,82.36,8141,0.514,1,9,9,9,22,14,7,9,3,3,4,5,21,7,10,22,24,22,7,2022-23
1610612757,Portland Trail Blazers,82,33,49,0.402,3946,112,114,116,118,-4,-4,0.597,1.67,17.8,0.264,0.709,0.486,0.145,0.549,0.589,101,99.25,82.71,8157,0.474,1,26,26,26,29,18,28,26,18,27,19,24,25,26,21,14,10,17,26,2022-23
1610612758,Sacramento Kings,82,48,34,0.585,3966,117,118.6,114.1,116,2.9,2.6,0.626,2.02,19.3,0.265,0.731,0.499,0.133,0.572,0.608,102.5,100.99,84.16,8343,0.511,1,7,7,7,12,1,24,8,7,2,3,23,6,17,6,2,1,12,11,2022-23
1610612759,San Antonio Spurs,82,22,60,0.268,3971,107.2,109.7,117.7,119.6,-10.5,-9.9,0.632,1.78,18.7,0.299,0.709,0.495,0.148,0.525,0.554,104.1,102.07,85.06,8451,0.452,1,28,28,28,8,29,30,30,6,18,8,7,24,21,24,26,28,2,29,2022-23
1610612761,Toronto Raptors,82,41,41,0.5,3961,112.2,114.6,111.4,113.1,0.8,1.5,0.571,2.05,17.2,0.316,0.721,0.502,0.118,0.517,0.555,99.6,97.85,81.54,8076,0.496,1,17,17,17,18,13,11,12,26,1,25,3,15,15,1,28,27,25,21,2022-23
1610612762,Utah Jazz,82,37,45,0.451,3961,112.7,115.3,113.8,116,-1.1,-0.7,0.611,1.69,18.2,0.308,0.711,0.512,0.151,0.547,0.584,103.1,101.02,84.18,8329,0.498,1,22,22,22,18,9,23,22,11,25,14,4,23,6,28,15,14,11,19,2022-23
1610612764,Washington Wizards,82,35,47,0.427,3951,111.5,113.7,113.3,114.9,-1.8,-1.2,0.603,1.8,18.5,0.273,0.724,0.505,0.142,0.55,0.585,100.8,99.16,82.63,8161,0.504,1,23,23,23,25,22,21,23,16,16,13,19,13,13,17,13,13,19,15,2022-23
1610612737,Atlanta Hawks,82,36,46,0.439,3971,114,116.4,116.7,118.4,-2.6,-2,0.618,1.96,18.4,0.308,0.717,0.504,0.133,0.539,0.576,102.6,100.84,84.03,8339,0.482,1,21,21,21,3,12,27,21,19,18,21,5,16,12,13,17,18,6,22,2023-24
1610612738,Boston Celtics,82,64,18,0.78,3966,120.2,122.2,109,110.6,11.2,11.7,0.613,2.25,19.3,0.287,0.726,0.515,0.121,0.578,0.609,99.5,97.98,81.65,8090,0.555,1,1,1,1,7,1,2,1,21,3,13,14,7,5,1,2,1,19,1,2023-24
1610612751,Brooklyn Nets,82,32,50,0.39,3961,110.4,112.4,113.1,115.4,-2.7,-2.9,0.63,1.95,18.6,0.289,0.715,0.497,0.134,0.531,0.561,99.4,97.56,81.3,8050,0.483,1,22,22,22,10,23,20,22,16,19,19,12,19,20,14,25,27,25,21,2023-24
1610612766,Charlotte Hornets,82,21,61,0.256,3946,107.1,108.6,117,119.2,-9.9,-10.6,0.62,1.8,18.4,0.253,0.709,0.475,0.14,0.529,0.56,99.4,97.81,81.51,8047,0.447,1,27,27,27,23,28,29,30,18,25,22,27,22,29,21,26,28,22,29,2023-24
1610612741,Chicago Bulls,82,39,43,0.476,3996,112.4,114,113.2,115.7,-0.8,-1.7,0.594,2.04,18.2,0.291,0.717,0.501,0.124,0.534,0.568,98.6,96.94,80.78,8078,0.493,1,20,20,20,1,19,22,20,28,13,24,11,17,14,3,22,21,28,20,2023-24
1610612739,Cleveland Cavaliers,82,48,34,0.585,3961,112.8,114.7,109.9,112.1,2.9,2.5,0.671,2.07,20.2,0.274,0.721,0.501,0.138,0.557,0.586,99.5,97.62,81.35,8053,0.519,1,11,11,11,10,16,7,12,3,8,4,22,14,15,19,13,13,24,8,2023-24
1610612742,Dallas Mavericks,82,50,32,0.61,3941,115.2,117,112.6,114.9,2.6,2.1,0.596,2.05,18.5,0.257,0.711,0.485,0.124,0.562,0.592,102.4,100.6,83.83,8263,0.506,1,6,6,6,26,8,18,15,26,10,20,25,21,26,4,7,9,7,16,2023-24
1610612743,Denver Nuggets,82,57,25,0.695,3941,115.6,117.8,110.5,112.3,5,5.5,0.669,2.33,20.9,0.3,0.718,0.515,0.13,0.562,0.589,99.1,97.43,81.19,7996,0.533,1,2,2,2,26,5,8,4,5,2,2,6,15,6,9,8,11,26,4,2023-24
1610612765,Detroit Pistons,82,14,68,0.171,3951,107.2,109,116,118,-8.8,-9,0.623,1.67,18.2,0.277,0.73,0.499,0.151,0.526,0.562,102.2,100.45,83.71,8269,0.449,1,30,30,30,21,27,25,29,17,28,23,20,5,17,27,28,26,9,28,2023-24
1610612744,Golden State Warriors,82,46,36,0.561,3966,114.7,116.9,112.4,114.5,2.3,2.4,0.671,2.05,20.1,0.315,0.725,0.521,0.142,0.557,0.586,101.8,99.91,83.26,8261,0.512,1,16,16,16,7,9,15,13,4,11,5,4,10,2,22,12,12,11,13,2023-24
1610612745,Houston Rockets,82,41,41,0.5,3971,111.5,113.7,110.7,112.8,0.9,0.9,0.594,1.95,17.7,0.294,0.722,0.504,0.127,0.529,0.565,101.5,99.59,82.99,8248,0.501,1,19,19,19,3,20,10,18,27,20,29,8,12,11,7,27,24,13,18,2023-24
1610612754,Indiana Pacers,82,47,35,0.573,3941,117.9,120.5,115.5,117.6,2.5,2.9,0.654,2.38,21,0.284,0.7,0.492,0.126,0.578,0.606,104.2,102.16,85.13,8389,0.517,1,12,12,12,26,2,24,10,6,1,1,16,26,24,6,1,3,2,10,2023-24
1610612746,LA Clippers,82,51,31,0.622,3941,116.1,117.9,112.3,114.6,3.9,3.4,0.604,1.95,18.7,0.283,0.705,0.502,0.134,0.561,0.599,99.7,97.93,81.61,8040,0.52,1,5,5,5,26,4,16,7,24,21,18,17,24,13,15,9,7,20,7,2023-24
1610612747,Los Angeles Lakers,82,47,35,0.573,3971,113.6,115.4,112.7,114.8,0.9,0.6,0.654,2.04,20.1,0.244,0.725,0.496,0.137,0.566,0.601,103.1,101.38,84.48,8387,0.518,1,12,12,12,3,15,17,19,8,12,6,29,11,21,17,5,5,4,9,2023-24
1610612763,Memphis Grizzlies,82,27,55,0.329,3956,104.2,106.8,111.7,113.7,-7.5,-6.9,0.644,1.64,17.9,0.287,0.706,0.488,0.152,0.509,0.543,100.7,98.68,82.23,8128,0.458,1,24,24,24,17,30,12,26,13,29,27,13,23,25,28,29,29,17,26,2023-24
1610612748,Miami Heat,82,46,36,0.561,3951,111.7,113.3,109.5,111.5,2.2,1.8,0.648,2.04,19.1,0.261,0.734,0.498,0.13,0.538,0.578,98.5,96.88,80.73,7975,0.509,1,16,16,16,21,21,5,17,11,14,15,24,3,18,10,20,16,29,15,2023-24
1610612749,Milwaukee Bucks,82,49,33,0.598,3961,116,117.6,112.8,115,3.2,2.6,0.615,2.05,19,0.255,0.731,0.499,0.128,0.568,0.601,102.2,100.51,83.76,8295,0.511,1,8,8,8,10,6,19,11,20,9,16,26,4,16,8,4,6,8,14,2023-24
1610612750,Minnesota Timberwolves,82,56,26,0.683,3961,113.1,114.6,106.2,108.4,6.9,6.3,0.646,1.88,19.3,0.275,0.725,0.508,0.144,0.559,0.594,99.5,97.79,81.49,8081,0.543,1,4,4,4,10,17,1,3,12,22,14,21,9,8,23,10,8,23,2,2023-24
1610612740,New Orleans Pelicans,82,49,33,0.598,3941,115,116.5,110.1,111.9,5,4.6,0.634,2.07,19.4,0.278,0.725,0.505,0.132,0.558,0.591,100.2,98.7,82.25,8101,0.524,1,8,8,8,26,11,6,6,15,7,10,19,8,10,12,11,10,16,6,2023-24
1610612752,New York Knicks,82,50,32,0.61,3946,114.1,117.3,111.2,112.4,2.9,4.9,0.59,1.84,17.8,0.333,0.729,0.527,0.138,0.54,0.574,97.8,95.96,79.97,7883,0.515,1,6,6,6,23,7,9,5,29,23,28,1,6,1,18,16,20,30,11,2023-24
1610612760,Oklahoma City Thunder,82,57,25,0.695,3961,117,118.3,109.1,111,7.9,7.3,0.609,2.14,19.4,0.25,0.698,0.484,0.125,0.573,0.608,102.3,100.85,84.04,8324,0.538,1,2,2,2,10,3,4,2,23,5,12,28,27,28,5,3,2,5,3,2023-24
1610612753,Orlando Magic,82,47,35,0.573,3956,110.6,112.9,108.6,110.8,2,2.2,0.61,1.68,18.1,0.297,0.737,0.515,0.15,0.541,0.577,99.4,97.37,81.14,8022,0.513,1,12,12,12,17,22,3,14,22,27,25,7,2,4,26,15,17,27,12,2023-24
1610612755,Philadelphia 76ers,82,47,35,0.573,3956,113.8,116.2,111,113,2.8,3.1,0.6,2.07,18,0.292,0.701,0.493,0.122,0.532,0.574,100.1,98.17,81.81,8090,0.506,1,12,12,12,17,14,11,9,25,6,26,10,25,22,2,24,19,18,17,2023-24
1610612756,Phoenix Suns,82,49,33,0.598,3956,114.9,116.8,111.5,113.7,3.4,3.1,0.637,1.82,19.4,0.292,0.714,0.514,0.15,0.565,0.603,100.8,99,82.5,8158,0.527,1,8,8,8,17,10,13,8,14,24,11,9,20,7,25,6,4,15,5,2023-24
1610612757,Portland Trail Blazers,82,21,61,0.256,3976,105,107.6,114.5,116.6,-9.5,-9,0.587,1.52,16.7,0.32,0.697,0.498,0.154,0.503,0.539,100,97.88,81.56,8103,0.434,1,27,27,27,2,29,23,28,30,30,30,3,28,19,29,30,30,21,30,2023-24
1610612758,Sacramento Kings,82,46,36,0.561,3971,113.8,116.2,112.9,114.4,0.9,1.8,0.654,2.16,19.9,0.285,0.744,0.507,0.131,0.556,0.582,101.1,99.46,82.88,8226,0.5,1,16,16,16,3,13,14,16,7,4,8,15,1,9,11,14,14,14,19,2023-24
1610612759,San Antonio Spurs,82,22,60,0.268,3966,107.5,109.3,113.8,115.6,-6.3,-6.4,0.712,1.97,20.5,0.269,0.721,0.492,0.148,0.532,0.563,103.5,101.8,84.84,8413,0.48,1,26,26,26,7,26,21,25,1,17,3,23,13,23,24,23,25,3,23,2023-24
1610612761,Toronto Raptors,82,25,57,0.305,3961,109.8,111.8,115.8,118.1,-6,-6.3,0.674,2.04,19.9,0.281,0.694,0.484,0.139,0.535,0.566,101.8,99.91,83.26,8241,0.474,1,25,25,25,10,24,26,24,2,15,7,18,29,27,20,21,23,12,25,2023-24
1610612762,Utah Jazz,82,31,51,0.378,3961,112,114.5,117.7,119.6,-5.8,-5.1,0.648,1.74,18.9,0.325,0.717,0.521,0.155,0.539,0.579,102.2,100.26,83.55,8281,0.478,1,23,23,23,10,18,30,23,10,26,17,2,18,3,30,18,15,10,24,2023-24
1610612764,Washington Wizards,82,15,67,0.183,3946,108.3,110.2,116.8,118.9,-8.5,-8.7,0.65,2,19.5,0.24,0.683,0.459,0.136,0.538,0.567,104.9,103.07,85.89,8461,0.454,1,29,29,29,23,25,28,27,9,16,9,30,30,30,16,19,22,1,27,2023-24
1610612737,Atlanta Hawks,82,40,42,0.488,3956,111.9,113.7,112.6,114.8,-0.8,-1.1,0.682,1.91,19.9,0.3,0.715,0.503,0.149,0.546,0.579,105.2,103.41,86.17,8521,0.498,1,16,16,16,14,17,18,18,5,13,7,13,10,13,22,17,17,3,17,2024-25
1610612738,Boston Celtics,82,61,21,0.744,3966,117.5,119.5,108,110.1,9.6,9.4,0.628,2.2,19,0.291,0.717,0.506,0.122,0.561,0.591,98.3,96.59,80.49,7979,0.542,1,3,3,3,6,2,4,2,20,3,13,18,7,11,2,5,8,29,3,2024-25
1610612751,Brooklyn Nets,82,26,56,0.317,3956,105.7,108.1,112.8,115.4,-7.1,-7.3,0.669,1.66,18.4,0.294,0.699,0.487,0.156,0.516,0.552,99,96.73,80.61,7970,0.452,1,25,25,25,14,28,23,26,9,25,21,16,23,25,27,27,26,28,27,2024-25
1610612766,Charlotte Hornets,82,19,63,0.232,3951,104,106.7,113.8,115.7,-9.9,-9.1,0.635,1.57,17.5,0.308,0.705,0.5,0.157,0.503,0.537,100.3,98.22,81.85,8079,0.45,1,28,28,28,18,29,24,27,16,28,26,8,17,16,28,30,30,23,29,2024-25
1610612741,Chicago Bulls,82,39,43,0.476,3951,111.9,113.2,112.5,114.8,-0.6,-1.6,0.673,1.98,19.9,0.26,0.722,0.496,0.141,0.553,0.585,105.3,103.61,86.34,8532,0.495,1,18,18,18,18,20,19,20,7,10,6,28,5,18,15,13,13,2,20,2024-25
1610612739,Cleveland Cavaliers,82,64,18,0.78,3951,119.1,121,109,111.8,10.1,9.2,0.631,2.13,19.6,0.296,0.7,0.505,0.131,0.578,0.607,102.4,100.31,83.59,8267,0.546,1,2,2,2,18,1,8,3,19,5,8,15,22,12,4,1,1,10,2,2024-25
1610612742,Dallas Mavericks,82,39,43,0.476,3946,112.1,113.7,113,115,-0.9,-1.3,0.601,1.8,18.2,0.271,0.694,0.488,0.14,0.549,0.583,101.7,100.15,83.46,8238,0.496,1,18,18,18,23,18,20,19,27,19,23,25,25,24,12,14,14,12,19,2024-25
1610612743,Denver Nuggets,82,50,32,0.61,3971,117.2,118.9,113.1,115.1,4.1,3.8,0.683,2.17,21.1,0.311,0.709,0.52,0.14,0.573,0.604,102.3,100.67,83.89,8328,0.529,1,6,6,6,4,4,21,9,4,4,1,5,14,2,13,2,2,8,4,2024-25
1610612765,Detroit Pistons,82,44,38,0.537,3961,112,114.6,110.1,112.5,1.9,2.1,0.618,1.78,18.6,0.305,0.714,0.511,0.147,0.547,0.58,102.5,100.27,83.56,8268,0.509,1,14,14,14,9,14,10,12,21,20,19,10,11,5,21,16,16,11,14,2024-25
1610612744,Golden State Warriors,82,48,34,0.585,3946,112,114.2,108.9,111,3.1,3.2,0.714,2.07,20.1,0.314,0.716,0.509,0.141,0.536,0.568,101.3,99.37,82.81,8173,0.515,1,11,11,11,23,16,7,10,1,7,4,4,8,7,14,20,20,17,10,2024-25
1610612745,Houston Rockets,82,52,30,0.634,3956,111.4,114.9,108,110.3,3.4,4.6,0.549,1.68,16.4,0.363,0.715,0.533,0.14,0.523,0.553,101.6,99.03,82.53,8159,0.515,1,4,4,4,14,12,5,7,30,24,30,1,9,1,11,23,24,18,11,2024-25
1610612754,Indiana Pacers,82,50,32,0.61,3971,114.1,115.4,111.3,113.3,2.8,2.1,0.671,2.22,20.5,0.254,0.705,0.483,0.13,0.562,0.594,102.2,100.76,83.97,8341,0.521,1,6,6,6,4,9,14,13,8,2,2,29,18,28,3,4,5,7,9,2024-25
1610612746,LA Clippers,82,50,32,0.61,3961,112.4,114.3,107.9,109.4,4.5,4.9,0.605,1.69,18.4,0.282,0.734,0.512,0.151,0.554,0.589,99.7,98.24,81.87,8099,0.521,1,6,6,6,9,15,3,5,24,23,20,19,1,4,23,11,9,22,8,2024-25
1610612747,Los Angeles Lakers,82,50,32,0.61,3946,113.4,115,111.4,113.8,2.1,1.2,0.635,1.86,18.9,0.273,0.702,0.495,0.142,0.557,0.593,100.1,98.34,81.95,8084,0.511,1,6,6,6,23,11,17,14,14,16,14,23,21,21,16,8,7,20,13,2024-25
1610612763,Memphis Grizzlies,82,48,34,0.585,3941,114.4,117.2,110,112.6,4.4,4.7,0.635,1.81,19.1,0.33,0.702,0.518,0.151,0.554,0.588,106.2,103.69,86.4,8513,0.524,1,11,11,11,29,6,11,6,15,17,12,3,20,3,24,12,12,1,7,2024-25
1610612748,Miami Heat,82,37,45,0.451,3986,110.8,112.4,110.6,112,0.3,0.4,0.653,1.94,19.2,0.263,0.724,0.496,0.138,0.544,0.576,98.4,97.08,80.9,8066,0.505,1,20,20,20,1,21,9,16,10,12,11,27,4,20,9,19,18,27,15,2024-25
1610612749,Milwaukee Bucks,82,48,34,0.585,3951,113.6,115.1,110.9,112.7,2.7,2.4,0.607,1.91,18.7,0.235,0.725,0.491,0.133,0.568,0.598,101.4,99.92,83.26,8228,0.513,1,11,11,11,18,10,12,11,23,14,18,30,3,23,5,3,3,14,12,2024-25
1610612750,Minnesota Timberwolves,82,49,33,0.598,3966,113.6,115.7,108.6,110.8,5,5,0.637,1.81,18.7,0.3,0.709,0.507,0.146,0.554,0.588,99.8,97.95,81.62,8097,0.524,1,10,10,10,6,8,6,4,11,18,17,14,13,10,19,10,11,25,6,2024-25
1610612740,New Orleans Pelicans,82,21,61,0.256,3951,107.6,109.7,116.6,119.1,-9,-9.4,0.636,1.76,18.3,0.303,0.682,0.487,0.146,0.519,0.552,101.8,99.77,83.14,8212,0.455,1,27,27,27,18,25,29,29,13,21,22,11,29,26,18,26,27,15,26,2024-25
1610612752,New York Knicks,82,51,31,0.622,3976,115,117.3,111.8,113.3,3.2,4,0.634,2.07,19.6,0.305,0.71,0.508,0.134,0.556,0.589,99.3,97.64,81.37,8093,0.527,1,5,5,5,2,5,13,8,17,6,10,9,12,9,7,9,10,26,5,2024-25
1610612760,Oklahoma City Thunder,82,68,14,0.829,3941,117.3,119.2,104.7,106.6,12.6,12.7,0.602,2.29,18.9,0.281,0.704,0.496,0.116,0.56,0.593,102.6,100.9,84.09,8286,0.562,1,1,1,1,29,3,1,1,26,1,15,20,19,19,1,7,6,5,1,2024-25
1610612753,Orlando Magic,82,41,41,0.5,3946,106.5,108.9,106.8,109.1,-0.3,-0.2,0.603,1.62,17.1,0.302,0.72,0.501,0.147,0.51,0.55,98.6,96.51,80.43,7935,0.497,1,15,15,15,23,27,2,17,25,26,27,12,6,15,20,29,28,30,18,2024-25
1610612755,Philadelphia 76ers,82,24,58,0.293,3961,109,111,115.2,117.3,-6.1,-6.3,0.584,1.7,17.1,0.279,0.678,0.471,0.138,0.527,0.563,99.9,98.13,81.77,8098,0.459,1,26,26,26,9,23,26,25,29,22,28,21,30,30,8,22,22,24,25,2024-25
1610612756,Phoenix Suns,82,36,46,0.439,3966,113.7,114.7,116.2,117.7,-2.5,-3,0.673,1.97,20,0.264,0.709,0.493,0.142,0.561,0.595,99.4,98.31,81.93,8121,0.495,1,21,21,21,6,13,27,23,6,11,5,26,15,22,17,6,4,21,21,2024-25
1610612757,Portland Trail Blazers,82,36,46,0.439,3956,108.1,111,111.9,113.7,-3.8,-2.7,0.587,1.49,16.9,0.332,0.682,0.501,0.16,0.521,0.555,101.6,99.51,82.92,8192,0.473,1,21,21,21,14,22,16,21,28,29,29,2,28,14,29,25,23,16,24,2024-25
1610612758,Sacramento Kings,82,40,42,0.488,3976,113.8,115.9,113.5,115.3,0.3,0.6,0.615,1.99,18.8,0.294,0.728,0.51,0.133,0.548,0.582,100.6,98.91,82.42,8189,0.502,1,16,16,16,2,7,22,15,22,9,16,17,2,6,6,15,15,19,16,2024-25
1610612759,San Antonio Spurs,82,34,48,0.415,3946,111.7,113.5,114.1,116.3,-2.4,-2.8,0.685,2.06,20.1,0.278,0.69,0.485,0.138,0.544,0.575,101.9,100.08,83.4,8231,0.493,1,23,23,23,23,19,25,22,3,8,3,22,26,27,10,18,19,13,22,2024-25
1610612761,Toronto Raptors,82,30,52,0.366,3961,107.6,109.6,111.7,113.6,-4.1,-4.1,0.685,1.86,19.6,0.311,0.696,0.5,0.152,0.522,0.553,102.4,100.62,83.85,8297,0.477,1,24,24,24,9,26,15,24,2,15,9,6,24,17,25,24,25,9,23,2024-25
1610612762,Utah Jazz,82,17,65,0.207,3961,107.8,110.2,117.7,119.4,-9.9,-9.2,0.633,1.48,17.9,0.311,0.705,0.508,0.17,0.533,0.568,102.7,100.85,84.04,8322,0.45,1,30,30,30,9,24,30,28,18,30,24,7,16,8,30,21,21,6,28,2024-25
1610612764,Washington Wizards,82,18,64,0.22,3946,103.9,105.8,116.2,118,-12.3,-12.2,0.637,1.61,17.8,0.272,0.685,0.476,0.152,0.512,0.546,103.5,101.82,84.85,8371,0.437,1,29,29,29,23,30,28,30,12,27,25,24,27,29,26,28,29,4,30,2024-25
